pcode_region,pcode_region,region,id_007_district,pcode_district,district,id_008_community_name,community_code,pop_tot,pop_ad,pop_children,pop_admale,pop_adfemale,pop_girls,pop_boys,pop_ch_0_2,pop_ch_3_5,pop_ch_6_11,pop_ch_12_14,pop_ch_15_17,pop_girls_0_2,pop_girls_3_5,pop_girls_6_11,pop_girls_12_14,pop_girls_15_17,pop_boys_0_2,pop_boys_3_5,pop_boys_6_11,pop_boys_12_14,pop_boys_15_17,N_gch_kinderg,N_bch_kinderg,N_ch_kinderg,N_gch_prim,N_bch_prim,N_ch_prim,N_gch_jh,N_bch_jh,N_ch_jh,N_gch_sh,N_bch_sh,N_ch_sh,N_gch_voc,N_bch_voc,N_ch_voc,birth_cert,kinderg,kinderg_n,kinderg_c,kinderg_d,primary,primary_n,primary_c,primary_d,jhigh,jhigh_n,jhigh_c,jhigh_d,shigh,shigh_d,voc,voc_n,voc_c,voc_d,health_primary,distance to nearest primary healthcare centre,health_secondary,health_secondary_d,electricity,mobile,internet,road3,ngo,buycompany,cocoa_org,flead,mlead,lead,traingender,lead_pos,lead_mpos,lead_fpos,cap,revenue,revenue_forchild,ccpc,women_perc1,women_perc2,women_edu,women_percread,women_percnoed,men_edu,men_percread,men_percnoed,women_perccare,women_percchild05,women_percliv,women_percland,women_perclandcul,childprot,childrem,waterpoint,waterpoint_dist1,waterpoint_dist2,reducemeal,cocoa_landsize,cocoa_femalefarm,cocoa_malefarm,cocoa_farm,cocoa_prod1,cocoa_prod2,cocoa_prod3,cocoa_prod4,extserv,extserv_female,extserv_male,extserv_tot,input_av,input_af,casualwork_av,casualwork_cost,agrserv,CED_N_gch_prim,CED_N_bch_prim,CED_N_ch_prim,CED_N_ch_primotherc,CED_N_gch_prim1,CED_N_bch_prim1,CED_N_ch_prim1,CED_N_cl_prim1,CED_N_gch_prim2,CED_N_bch_prim2,CED_N_ch_prim2,CED_N_cl_prim2,CED_N_gch_prim3,CED_N_bch_prim3,CED_N_ch_prim3,CED_N_cl_prim3,CED_N_gch_prim4,CED_N_bch_prim4,CED_N_ch_prim4,CED_N_cl_prim4,CED_N_gch_prim5,CED_N_bch_prim5,CED_N_ch_prim5,CED_N_cl_prim5,CED_N_gch_prim6,CED_N_bch_prim6,CED_N_ch_prim6,CED_N_cl_prim6,CED_N_ch_js,CED_teacher,CED_class_prim,CED_gattend_prim1,CED_battend_prim1,CED_attend_prim1,CED_gattend_prim6,CED_battend_prim6,CED_attend_prim6,CED_gdropout_prim1,CED_bdropout_prim1,CED_dropout_prim1,CED_gdropout_prim6,CED_bdropout_prim6,CED_dropout_prim6,CED_ptratio_prim,CED_toilet_prim,CED_outofsch,CED_scholarship,CED_feed_prim,CED_Ncl_prim,lcommp_clab
16,CI20,Indénié-Djuablin,43,CI2001,Abengourou,EHUASSO ALLANGOUANOU,ABG007,3824,2181,1643,1071,1110,833,810,325,325,596,195,201,161,164,314,100,94,164,161,283,95,107,0,0,0,234,273,507,0,0,0,0,0,0,0,0,0,70-100,0,0,0,17,1,2,12,0,0,0,0,22,0,22,0,0,0,57,1,0,1,0,1,1,1,1,0,1,1,0,2,2,1,2,2,0,1,1,1,0,31-60,81-100,Primary 4-6,31-60,0-30,Primary 4-6,0-30,61-80,61-80,0-30,31-60,31-60,0-30,0,1,1,15,0,1,3,5,400,405,23,1.5,9315,608,1,10,20,30,1,0,0,,1,234,273,507,7,49,56,105,2,42,54,96,2,43,49,92,2,52,51,103,2,22,31,53,2,26,32,58,2,57,12,12,99.5,99.5,99.5,100,100,100,0,0.5,0.25,0,0,0,42,0,0,1,0,12,0.348306686
16,CI20,Indénié-Djuablin,43,CI2001,Abengourou,ETTIENKRO (ANIASSUE),ABG008,1428,800,628,400,400,316,312,153,129,240,58,49,75,64,121,32,24,78,64,119,26,25,0,0,0,30,30,60,0,0,0,0,0,0,0,0,0,70-100,0,0,0,1,0,0,0,1,0,0,0,1,0,21,0,0,0,21,1,0,0,21,1,1,1,1,0,0,0,0,0,0,1,2,2,0,0,1,1,0,0-30,81-100,Primary 1-3,0-30,61-80,Primary 1-3,0-30,61-80,61-80,61-80,31-60,0-30,31-60,0,1,1,30,0,1,2,3,150,153,15,1,2295,153,0,0,0,0,1,0,0,,0,,,0,,,,,,,,,,,,,,,,,,,,,,,,,,,0,0,,,,,,0,,,,,,,,0,,0,0,0,0.395312756
16,CI20,Indénié-Djuablin,43,CI2001,Abengourou,M'BASSO AGNI,ABG009,2020,1010,1011,495,515,512,499,282,144,392,96,97,135,77,197,47,56,147,67,195,49,41,0,0,0,113,139,252,0,0,0,0,0,0,0,0,0,41-69,0,0,0,19,1,1,6,0,0,0,0,19,0,19,0,0,0,59,0,5,0,19,0,0,0,0,0,0,0,0,0,0,0,0,0,0,0,0,0,0,0-30,0-30,Primary 4-6,0-30,61-80,Primary 4-6,0-30,31-60,61-80,31-60,31-60,0-30,0-30,0,1,1,15,0,1,5,50,200,250,38,2.5,9500,625,0,0,0,0,0,0,1,3000,0,113,139,252,3,32,33,65,1,28,35,63,1,24,26,50,1,13,24,37,1,10,11,21,1,6,10,16,1,16,7,6,100,99,99.5,99,99,99,0,0,0,1,1,1,36,1,0,0,0,6,0.255933374
16,CI20,Indénié-Djuablin,43,CI2001,Abengourou,APOUESSOU,AGN003,813,428,387,200,228,194,193,86,68,167,32,33,42,35,82,18,17,44,33,85,14,17,0,0,0,41,43,84,0,0,0,0,0,0,0,0,0,70-100,0,0,0,25,1,1,3,0,0,0,0,25,0,50,0,0,0,50,0,25,0,50,0,0,0,1,0,0,0,0,0,0,0,0,0,0,0,1,1,0,31-60,31-60,Junior High School,0-30,31-60,University,61-80,0-30,61-80,61-80,61-80,0-30,0-30,1,1,1,5,0,1,1,0,100,100,8,0.5,800,50,0,0,0,0,1,0,1,2000,0,56,62,118,0,15,19,34,1,10,13,23,0,9,16,25,1,0,0,0,0,22,14,36,1,0,0,0,0,0,4,3,85.59999847,90.31999969,87.95999908,0,0,0,0,0,0,0,0,0,30,0,0,0,0,3,0.150282204
14,CI30,Sud Comoé,37,CI3001,Aboisso,ABOULIE,ABS004,1998,1032,965,521,511,486,479,224,162,378,90,112,103,90,186,47,60,121,72,191,43,52,0,0,0,165,188,353,0,0,0,0,0,0,0,0,0,70-100,0,0,0,3,1,1,6,0,0,0,0,3,0,3,0,0,0,3,1,0,0,3,1,1,0,0,0,0,1,0,2,2,0,11,10,1,1,0,0,0,0-30,0-30,Primary 4-6,61-80,0-30,Senior High School,61-80,0-30,81-100,0-30,61-80,31-60,61-80,1,1,1,40,0,1,1,60,160,220,8,0.5,1760,110,1,10,40,50,1,0,1,2000,0,165,188,353,0,46,30,76,1,27,40,67,1,30,42,72,1,17,37,54,1,21,24,45,1,24,15,39,1,39,6,6,96,97.5,96.75,97.5,95.47000122,96.48999786,6.519999981,10,8.260000229,0,0,0,59,1,0,1,1,6,0.080042712
14,CI30,Sud Comoé,37,CI3001,Aboisso,BAKRO,ABS005,7228,3948,3280,2025,1923,1598,1682,544,831,1215,365,325,251,426,579,163,179,293,405,636,202,146,0,0,0,346,383,729,0,0,0,0,0,0,0,0,0,41-69,0,0,0,7,1,2,12,0,0,0,0,7,0,7,0,0,0,7,1,0,0,12,1,1,0,1,0,0,0,0,1,1,0,11,8,3,0,1,1,0,31-60,31-60,Junior High School,31-60,31-60,Senior High School,61-80,0-30,81-100,0-30,61-80,0-30,0-30,0,1,1,60,0,1,1.5,20,650,670,12,0.75,8040,503,1,6,24,30,1,0,1,2000,1,346,383,729,110,71,82,153,2,66,53,119,2,59,63,122,2,61,81,142,2,47,61,108,2,42,43,85,2,80,12,12,90.30000305,93.71499634,92.00999451,98.88499451,99.30500031,99.09500122,11.46000004,8.194999695,9.829999924,3.019999981,0.349999994,1.684999943,60.5,0,0,0,0,12,0.021506205
14,CI30,Sud Comoé,37,CI3001,Aboisso,KOUKOURANDOUMI,ABS006,1291,691,600,329,362,298,302,158,82,251,58,52,75,43,123,30,27,83,39,127,29,24,17,23,40,86,101,187,0,0,0,0,0,0,0,0,0,70-100,1,1,1,0,1,1,6,0,0,0,0,7,0,7,0,0,0,7,1,0,0,7,1,1,0,1,0,0,0,0,0,0,0,7,5,2,0,0,0,0,0-30,0-30,Junior High School,61-80,0-30,University,61-80,0-30,81-100,0-30,61-80,31-60,31-60,0,1,1,10,0,0,1,5,53,58,8,0.5,464,29,1,0,11,11,1,0,0,,0,86,101,187,49,19,16,35,1,15,24,39,1,18,17,35,1,11,20,31,1,13,17,30,1,10,7,17,1,17,6,6,97.72000122,95.55999756,96.63999939,98.62999725,96.87000275,97.75,0,0,0,0,0,0,31,1,0,0,0,6,0
14,CI30,Sud Comoé,45,CI3002,Adiaké,ESSOUKPORETY,ADK001,4201,2354,1846,1177,1177,910,936,414,338,689,245,161,189,187,353,105,76,225,151,336,139,85,80,82,162,250,282,532,78,72,150,42,55,97,14,21,35,0-40,1,1,2,0,1,2,12,0,0,0,0,5,0,5,0,0,0,5,1,0,0,5,1,1,0,0,0,0,0,0,0,0,0,8,7,1,0,1,1,0,0-30,0-30,Junior High School,61-80,0-30,University,61-80,0-30,61-80,0-30,31-60,0-30,0-30,0,1,0,60,1,1,1,12,250,262,8,0.5,2096,131,0,0,0,0,1,0,1,1500,1,250,282,532,96,67,78,145,2,54,48,102,2,44,50,94,2,30,48,78,2,36,40,76,2,19,18,37,2,35,12,12,92.59500122,93.55000305,93.07499695,100,91.94000244,95.97000122,7.394999981,6.444999695,6.925000191,0,11.10999966,5.559999943,44.5,1,1,0,0,12,0
7,CI03,Agnéby-Tiassa,46,CI2401,Adzopé,ANNEPE,ADZ001,5343,3047,2295,1497,1550,1118,1177,483,566,821,208,217,215,285,390,99,129,268,280,431,110,88,43,49,92,314,384,698,95,111,206,69,88,157,0,0,0,0-40,1,2,3,0,1,3,17,0,1,1,2,0,0,39,0,0,0,39,1,0,1,0,1,1,1,1,0,0,0,0,0,0,0,41,32,9,1,1,1,0,0-30,0-30,Primary 4-6,31-60,31-60,Vocational/technical,0-30,61-80,81-100,0-30,31-60,61-80,61-80,0,1,1,5,0,1,1,60,800,860,8,0.5,6880,430,1,11,21,32,1,0,1,1500,1,314,384,698,0,63,76,139,3,65,59,124,3,66,82,148,3,58,60,118,3,28,56,84,2,34,51,85,3,61,17,17,91.82333374,93.73999786,92.78333282,93.33333588,97.43000031,95.3833313,8.510000229,4.610000134,6.559999943,5.009999752,2.786666632,3.896666765,40.33333206,1,0,1,0,17,0.389464766
7,CI03,Agnéby-Tiassa,46,CI2401,Adzopé,DJOUGBOSSO,ADZ002,1181,664,518,329,335,262,256,112,121,187,43,53,52,64,99,18,29,61,57,89,25,24,0,0,0,92,82,174,60,40,100,15,10,25,0,0,0,41-69,0,0,0,9,1,1,6,0,0,0,0,9,0,9,0,0,0,12,0,13,0,13,0,0,0,0,0,0,0,0,1,1,1,22,17,5,0,0,0,0,0-30,0-30,Senior High School,31-60,31-60,Vocational/technical,61-80,31-60,81-100,0-30,0-30,31-60,0-30,0,1,1,50,0,1,1,50,150,200,8,0.5,1600,100,1,6,24,30,1,0,1,1500,0,92,82,174,0,15,17,32,1,16,10,26,1,20,21,41,1,13,7,20,1,14,14,28,1,14,13,27,1,22,6,6,100,100,100,92.84999847,92.30000305,92.58000183,0,0,0,7.139999866,7.690000057,7.420000076,29,0,0,0,0,6,0.100083463
7,CI03,Agnéby-Tiassa,47,CI0301,Agboville,ACHI-BROU HO,AGB001,669,362,307,187,175,153,154,66,42,150,22,25,30,24,73,14,12,36,18,77,9,14,0,0,0,11,16,27,0,0,0,0,0,0,0,0,0,0-40,0,0,0,9,1,1,2,0,0,0,0,34,0,34,0,0,0,34,0,8,0,33,0,1,1,0,0,0,0,0,0,0,0,3,3,0,0,0,0,0,0-30,0-30,Primary 4-6,0-30,61-80,Primary 4-6,61-80,31-60,81-100,0-30,0-30,0-30,0-30,0,0,0,60,1,1,2,5,90,95,15,1,1425,95,0,0,0,0,1,0,1,2000,0,11,16,27,0,3,7,10,1,8,9,17,1,0,0,0,0,0,0,0,0,0,0,0,0,0,0,0,0,0,2,2,100,100,100,0,0,0,0,14.28999996,7.150000095,0,0,0,14,0,0,0,0,2,0.022989519
7,CI03,Agnéby-Tiassa,47,CI0301,Agboville,AZAGUIE-M'BROME,AGB002,1318,648,671,324,324,327,344,183,53,306,76,52,86,32,149,35,25,97,21,157,42,27,0,0,0,132,128,260,0,0,0,0,0,0,0,0,0,70-100,0,0,0,5,1,1,6,0,0,0,0,9,0,9,0,0,0,9,1,0,0,9,1,1,0,0,1,1,1,0,1,1,1,5,4,1,1,1,1,1,61-80,61-80,Junior High School,61-80,31-60,Junior High School,61-80,0-30,81-100,31-60,61-80,0-30,0-30,1,1,1,30,0,1,2.5,5,150,155,19,1.25,2945,194,1,2,30,32,1,1,1,2000,1,132,128,260,99,23,24,47,1,23,27,50,1,31,30,61,1,31,17,48,1,13,18,31,1,11,12,23,1,21,6,6,93.33999634,96,94.66999817,97.26000214,97.69999695,97.48000336,6.659999847,4,5.329999924,0,0,0,43,0,0,0,1,6,0.336472243
7,CI03,Agnéby-Tiassa,47,CI0301,Agboville,ELEVI,AGB003,3574,2002,1571,1001,1001,790,781,320,333,565,222,132,147,179,298,107,59,173,154,266,115,73,25,17,42,235,245,480,74,95,169,62,86,148,4,7,11,70-100,1,1,2,0,1,2,8,0,0,0,0,9,0,9,0,0,0,9,1,0,0,20,1,1,1,0,0,0,0,0,0,0,0,12,9,3,1,1,1,0,31-60,31-60,Primary 4-6,0-30,61-80,Senior High School,61-80,31-60,81-100,0-30,61-80,0-30,0-30,0,1,1,20,0,1,3,9,500,509,23,1.5,11707,764,0,0,0,0,1,1,1,2000,1,235,245,480,0,71,74,145,2,64,59,123,2,20,23,43,1,26,31,57,1,33,38,71,1,21,20,41,1,25,6,8,91.58000183,87.56500244,89.57499695,49.10499954,49.06499863,49.08499908,0.665000021,0,0.335000008,0,0.524999976,0.264999986,77,1,0,0,0,8,0.042559616
16,CI20,Indénié-Djuablin,48,CI2002,Agnibilékro,ASSEMIANKRO,AGN001,478,273,205,134,139,100,105,32,38,96,14,25,16,19,46,7,12,16,19,50,7,13,0,0,0,24,35,59,37,28,65,7,19,26,1,2,3,0-40,0,0,0,18,0,0,0,7,0,0,0,18,0,72,0,0,0,72,0,18,0,72,0,0,0,0,0,0,0,0,0,0,0,6,4,2,0,0,0,0,31-60,31-60,Primary 1-3,0-30,61-80,Junior High School,31-60,31-60,81-100,81-100,31-60,0-30,0-30,0,0,1,30,0,1,1,5,50,55,8,0.5,440,28,0,0,0,0,1,0,1,2000,0,,,0,,,,,,,,,,,,,,,,,,,,,,,,,,,0,0,,,,,,0,,,,,,,,0,,0,0,0,0.218253568
16,CI20,Indénié-Djuablin,48,CI2002,Agnibilékro,N'GUESSANKRO,AGN002,3573,1814,1760,907,907,889,871,482,372,609,146,148,229,193,322,69,76,254,179,288,78,72,0,0,0,214,260,474,0,0,0,0,0,0,0,0,0,70-100,0,0,0,7,1,2,12,0,0,0,0,7,0,22,0,0,0,22,1,0,0,22,1,1,0,0,1,1,1,0,2,2,1,8,8,0,1,1,1,0,31-60,61-80,Primary 1-3,0-30,61-80,Junior High School,31-60,31-60,81-100,0-30,31-60,0-30,0-30,0,1,1,5,0,1,5,5,500,505,38,2.5,19190,1263,1,83,247,330,1,0,1,2000,0,214,260,474,18,54,52,106,2,35,37,72,2,41,51,92,2,47,57,104,2,15,31,46,2,22,32,54,2,51,12,12,94.5,94,94.25,95,95,95,0,0,0,0,0,0,40,1,0,0,0,12,0.083381608
7,CI03,Agnéby-Tiassa,49,CI2402,Akoupé,DAGUIKOI,AKP001,621,315,304,152,163,155,149,69,48,117,36,35,33,25,60,17,20,35,23,57,19,15,0,0,0,77,81,158,0,0,0,0,0,0,0,0,0,0-40,0,0,0,5,1,1,6,0,0,0,0,5,0,5,0,0,0,5,0,5,0,5,0,1,0,1,1,1,1,0,3,3,0,10,7,3,1,0,0,0,0-30,0-30,Primary 1-3,0-30,61-80,Senior High School,61-80,31-60,61-80,61-80,0-30,61-80,61-80,0,0,1,50,0,1,1,90,50,140,8,0.5,1120,70,1,3,17,20,1,0,1,2000,0,77,81,158,9,17,28,45,1,14,14,28,1,9,8,17,1,12,8,20,1,7,13,20,1,18,10,28,1,20,6,6,88.23000336,92.84999847,90.54000092,83.33000183,100,91.66999817,0,0,0,0,0,0,26,1,0,0,0,6,0.095310181
7,CI03,Agnéby-Tiassa,50,CI2403,Alépé,YAKASSE-COMOE,ALP001,1525,830,695,415,415,343,352,90,157,289,104,55,45,82,143,45,28,45,75,146,59,27,0,0,0,122,124,246,0,0,0,0,0,0,0,0,0,70-100,0,0,0,12,1,2,12,0,0,0,0,12,0,12,0,0,0,12,1,0,0,12,0,1,0,1,1,1,1,0,1,1,0,8,7,1,1,0,0,0,0-30,81-100,Junior High School,31-60,31-60,Senior High School,61-80,0-30,81-100,31-60,31-60,0-30,0-30,0,0,1,20,0,1,5,14,200,214,38,2.5,8132,535,0,0,0,0,1,1,1,1500,1,127,126,253,4,26,21,47,2,12,29,41,2,26,24,50,2,24,17,41,2,11,6,17,1,28,29,57,2,53,11,11,98.78500366,97.19499969,97.99000549,97.96499634,98.125,98.04499817,2,1.5,1.75,3.329999924,3.329999924,3.329999924,23,0,0,1,1,11,0
8,CI06,Belier,51,CI0201,Attiégouakro,LABOKRO,ATG001,2431,1362,1070,681,681,524,546,143,213,475,131,106,62,109,235,58,60,82,105,240,73,46,0,0,0,205,199,404,0,0,0,0,0,0,0,0,0,70-100,0,0,0,10,1,2,11,0,0,0,0,10,0,10,0,0,0,31,1,0,0,10,1,0,0,0,0,0,1,0,0,0,1,5,4,1,0,0,0,0,0-30,0-30,Primary 4-6,31-60,31-60,Primary 4-6,31-60,31-60,81-100,31-60,61-80,31-60,31-60,0,0,1,5,0,1,1,20,170,190,8,0.5,1520,95,1,1,25,26,0,0,1,1500,1,205,199,404,0,45,34,79,2,43,35,78,2,36,48,84,2,38,33,71,2,18,17,35,1,25,32,57,1,53,11,10,98.70500183,98.70500183,98.70500183,48.70999908,48.70999908,48.70999908,1.789999962,1.789999962,1.789999962,1.289999962,1.289999962,1.289999962,36,1,0,0,1,10,0.30466041
8,CI06,Belier,51,CI0201,Attiégouakro,TOKORE-YAOKRO,ATG002,769,420,351,210,210,170,181,89,73,123,37,27,42,38,60,18,12,48,35,63,20,15,0,0,0,13,23,36,1,6,7,0,6,6,1,3,4,70-100,0,0,0,25,1,1,3,0,0,0,0,18,0,18,0,0,0,36,0,18,0,36,1,1,0,1,1,0,0,0,0,0,0,18,15,3,0,0,0,0,0-30,0-30,Primary 4-6,0-30,61-80,Senior High School,31-60,31-60,81-100,61-80,81-100,61-80,31-60,1,1,1,15,0,1,2,0,20,20,15,1,300,20,1,0,14,14,1,0,0,,1,24,33,57,0,11,10,21,1,8,12,20,0,0,0,0,0,4,8,12,1,1,3,4,1,0,0,0,0,0,3,3,100,100,100,0,0,0,0,0,0,0,0,0,19,0,0,0,0,3,0.130053133
9,CI16,Guémon,34,CI1601,Bangolo,DIEBLY,BGL002,1797,1026,772,504,522,371,401,155,146,285,91,95,72,74,144,37,44,83,72,141,54,51,0,0,0,108,134,242,0,0,0,0,0,0,0,0,0,70-100,0,0,0,42,1,1,6,0,0,0,0,6,0,42,0,0,0,84,0,6,0,6,0,1,1,0,0,1,1,0,2,2,0,9,8,1,1,1,1,0,0-30,0-30,Primary 1-3,0-30,31-60,Junior High School,61-80,0-30,81-100,31-60,61-80,31-60,0-30,0,0,1,10,0,1,4,30,300,330,31,2,10230,660,1,18,24,42,1,0,1,2000,0,108,134,242,0,37,43,80,1,10,35,45,1,15,21,36,1,20,18,38,1,13,15,28,1,6,9,15,1,15,4,6,96.34999847,97.73999786,97.05000305,100,100,100,0,0,0,0,0,0,61,1,0,0,1,6,0.088553391
9,CI16,Guémon,34,CI1601,Bangolo,GOYA,BGL003,1045,596,449,293,303,227,222,93,87,187,35,47,46,45,89,21,26,47,42,98,14,21,0,0,0,65,104,169,0,0,0,0,0,0,0,0,0,0-40,0,0,0,18,1,1,6,0,0,0,0,18,0,18,0,0,0,18,0,1,0,18,0,0,0,0,0,0,0,0,0,0,1,15,10,5,0,0,0,1,0-30,0-30,No school,0-30,81-100,Junior High School,31-60,0-30,61-80,0-30,31-60,61-80,0-30,0,0,0,90,1,1,3,13,180,193,23,1.5,4439,290,0,0,0,0,1,0,1,1000,0,65,104,169,0,10,24,34,1,14,21,35,1,13,12,25,1,11,24,35,1,12,9,21,1,5,14,19,1,17,6,6,90,90,90,90,90,90,2.859999895,0,1.429999948,0,0,0,28,0,0,0,0,6,0.070204258
16,CI20,Indénié-Djuablin,52,CI2003,Bettié,ISSOUFKRO,BET001,1091,623,469,306,317,241,228,82,96,202,43,46,37,51,99,27,27,44,45,103,17,19,0,0,0,77,95,172,18,20,38,2,14,16,1,2,3,70-100,0,0,0,9,1,1,4,0,0,0,0,15,0,72,0,0,0,72,0,9,0,39,0,0,1,0,0,0,0,0,0,0,0,3,2,1,0,1,1,0,0-30,0-30,Primary 1-3,0-30,61-80,Junior High School,61-80,0-30,81-100,81-100,61-80,0-30,0-30,0,0,1,20,0,0,2,2,150,152,15,1,2280,152,0,0,0,0,1,0,1,2000,0,77,95,172,0,10,20,30,1,17,25,42,1,28,12,40,0,6,15,21,1,7,12,19,0,9,11,20,1,20,4,4,91,95,93,96,98,97,1,0,0.5,0,0,0,43,0,0,0,0,4,0.260283113
15,CI132,Tonkpi,53,CI3201,Biankouma,GOUETIDIE,BIK001,841,480,361,236,244,189,172,84,76,125,38,38,41,40,62,25,21,43,36,63,13,17,0,0,0,31,29,60,0,0,0,0,0,0,0,0,0,0-40,0,0,0,3,1,1,4,0,0,0,0,5,0,20,0,0,0,67,0,5,0,67,0,0,0,0,1,0,0,0,0,0,0,18,11,7,0,1,1,0,31-60,0-30,Primary 1-3,0-30,81-100,Primary 4-6,31-60,31-60,61-80,81-100,81-100,0-30,0-30,1,1,1,20,0,1,2,4,60,64,15,1,960,64,0,0,0,0,1,1,1,1000,1,31,29,60,1,7,8,15,1,4,5,9,0,9,4,13,1,6,5,11,0,5,7,12,1,0,0,0,0,0,4,3,98,98,98,0,0,0,0,0,0,0,0,0,15,0,0,0,0,3,0.200670704
24,CI27,N'zi,54,CI2701,Bocanda,KOTOKOUNOU,BCD002,832,459,372,226,233,174,198,69,90,144,40,30,32,45,68,16,13,37,45,76,23,17,0,0,0,68,67,135,0,0,0,0,0,0,0,0,0,70-100,0,0,0,33,1,2,7,0,0,0,0,33,0,33,0,0,0,33,0,17,0,10,0,0,0,0,1,0,1,0,0,0,1,6,5,1,1,1,0,0,31-60,31-60,No school,31-60,31-60,Junior High School,31-60,31-60,81-100,61-80,0-30,0-30,81-100,0,0,1,15,0,0,0.5,15,15,30,4,0.25,120,8,0,0,0,0,0,0,1,1500,1,92,102,169,8,36,50,86,2,20,29,49,1,0,0,0,0,18,13,31,1,0,0,0,0,18,10,28,1,22,6,5,97.63000488,94.66500092,96.1499939,44.44499969,45,44.72499847,0,3.335000038,1.669999957,5.554999828,5,5.28000021,25,1,0,0,1,5,0.161641359
24,CI27,N'zi,54,CI2701,Bocanda,ASSIKA-ETTIENKRO,BOC001,1307,759,547,380,379,267,280,111,107,200,61,69,53,55,99,28,32,58,52,101,32,37,0,0,0,79,53,132,0,0,0,0,0,0,0,0,0,0-40,0,0,0,2,0,0,0,2,0,0,0,21,0,52,0,0,0,52,0,2,0,52,1,1,1,1,1,0,0,0,0,0,1,10,8,2,1,1,0,0,31-60,0-30,Primary 4-6,0-30,81-100,Junior High School,31-60,31-60,61-80,81-100,81-100,0-30,0-30,0,1,1,40,0,1,0.75,5,50,55,6,0.375,330,21,0,0,0,0,0,0,1,1000,1,,,0,,,,,,,,,,,,,,,,,,,,,,,,,,,0,0,,,,,,0,,,,,,,,0,,0,0,0,0.672944486
19,CI14,Gontougo,55,CI1401,Bondoukou,METY,BDK001,825,425,399,210,215,198,201,108,78,136,43,35,50,42,69,18,19,58,35,67,25,16,0,0,0,34,40,74,8,10,18,6,8,14,0,2,2,70-100,0,0,0,25,1,1,3,0,0,0,0,25,0,25,0,0,0,25,0,3,0,25,0,0,0,0,1,0,0,0,0,0,0,35,25,10,0,0,0,0,0-30,0-30,No school,0-30,81-100,Primary 1-3,0-30,81-100,81-100,81-100,81-100,61-80,81-100,0,0,1,5,0,1,1,1,10,11,8,0.5,88,6,1,0,15,15,1,0,1,1500,1,34,40,74,2,19,12,31,1,0,0,0,0,3,13,16,1,0,0,0,0,7,7,14,1,5,8,13,0,10,3,3,94.73999786,100,97.37000275,100,100,100,5.260000229,0,2.630000114,0,0,0,25,0,0,0,0,3,0.028170876
19,CI14,Gontougo,55,CI1401,Bondoukou,SAKPATROU,BDK002,642,331,311,163,168,153,158,81,66,101,35,26,39,33,53,15,13,42,33,49,20,14,0,0,0,19,25,44,0,0,0,0,0,0,0,0,0,0-40,0,0,0,10,1,1,2,0,0,0,0,13,0,42,0,0,0,42,0,7,0,7,0,0,0,0,0,0,0,0,0,0,1,8,6,2,0,1,1,0,0-30,0-30,Primary 1-3,0-30,81-100,Primary 4-6,31-60,61-80,81-100,81-100,31-60,0-30,31-60,0,1,1,5,0,1,1,0,30,30,8,0.5,240,15,1,18,42,60,0,0,0,,0,32,40,72,0,13,15,28,1,10,17,27,1,0,0,0,0,0,0,0,0,9,8,17,1,0,0,0,0,0,3,3,91.48000336,90,90.73999786,0,0,0,0,0,0,0,0,0,24,0,1,0,0,3,0.126293734
19,CI14,Gontougo,55,CI1401,Bondoukou,SAPIA,BDK003,2850,1598,1254,799,799,637,617,282,208,496,155,111,131,117,260,76,53,151,91,237,80,58,0,0,0,192,230,422,35,30,65,20,30,50,0,0,0,0-40,0,0,0,25,1,2,9,0,0,0,0,13,0,25,0,0,0,25,1,0,0,25,1,0,1,0,0,0,0,0,3,3,0,15,10,5,1,0,1,0,61-80,61-80,Junior High School,61-80,31-60,Junior High School,61-80,31-60,81-100,61-80,61-80,31-60,31-60,0,1,1,20,0,1,1,0,70,70,8,0.5,560,35,1,0,20,20,1,0,1,1000,1,192,230,422,0,37,59,96,2,26,27,53,1,24,34,58,1,27,29,56,1,45,46,91,2,29,39,68,2,59,8,9,97.05500031,97.91500092,97.48500061,96.42500305,96.66500092,96.54499817,2.940000057,2.085000038,2.515000105,3.569999933,3.335000038,3.454999924,50,1,0,0,0,9,0.170625523
19,CI14,Gontougo,55,CI1401,Bondoukou,TEMOGOSSIE,BDK004,880,455,424,224,231,206,218,103,72,171,46,34,49,39,82,20,16,54,33,89,25,17,0,0,0,49,40,89,0,0,0,0,0,0,0,0,0,0-40,0,0,0,6,1,1,3,0,0,0,0,9,0,9,0,0,0,9,0,5,0,9,0,1,1,0,1,0,0,15,15,30,0,20,16,4,0,1,0,0,61-80,61-80,Primary 4-6,0-30,61-80,No school,0-30,81-100,81-100,61-80,61-80,31-60,0-30,0,0,1,15,0,0,1,1,10,11,8,0.5,88,6,1,14,26,40,1,0,1,1000,1,74,57,131,0,25,17,42,1,23,11,34,0,0,0,0,0,14,17,31,1,0,0,0,0,7,17,24,1,12,3,3,99.15000153,81.55999756,90.36000061,100,100,100,0,0,0,0,0,0,44,1,0,0,0,3,0.34130314
23,CI25,Moronou,56,CI2502,Bongouanou,AGBOSSOU,BGN001,5816,3122,2694,1477,1645,1351,1343,729,415,1107,198,247,345,218,547,106,135,384,197,559,91,112,0,0,0,531,672,1203,0,0,0,0,0,0,0,0,0,0-40,0,0,0,32,1,4,20,0,0,0,0,7,0,7,0,0,0,32,1,0,0,7,1,1,1,1,0,0,0,0,1,1,0,4,3,1,0,1,1,0,0-30,0-30,No school,0-30,61-80,Primary 4-6,31-60,31-60,81-100,81-100,31-60,0-30,0-30,0,1,1,10,0,1,4,30,500,530,31,2,16430,1060,1,10,12,22,1,0,1,1500,1,531,672,1203,0,117,143,260,4,103,116,219,4,79,108,187,3,79,98,177,3,91,115,206,3,62,92,154,3,121,20,20,95.55249786,95.63249969,95.59249878,73.25499725,71.32250214,72.29000092,7.947500229,5.967499733,6.960000038,1.637500048,1.444999933,1.542500019,60,0,0,0,1,20,0.212561443
23,CI25,Moronou,56,CI2502,Bongouanou,ESSUIKRO,BGN002,1491,836,655,418,418,327,328,152,151,216,76,61,72,80,110,34,31,81,70,106,42,29,0,0,0,92,100,192,18,30,48,0,0,0,0,0,0,0-40,0,0,0,1,1,1,6,0,0,0,0,1,0,24,0,0,0,24,0,1,0,1,1,1,0,0,0,0,0,0,0,0,0,0,0,0,0,1,1,0,0-30,0-30,No school,0-30,81-100,Primary 4-6,61-80,31-60,81-100,61-80,61-80,0-30,0-30,0,0,1,10,0,0,2.5,30,150,180,19,1.25,3420,225,1,1,8,9,1,0,0,,1,103,109,212,0,30,35,65,1,11,12,23,1,18,20,38,1,18,22,40,1,15,11,26,1,11,9,20,1,20,6,6,98,98,98,98,98,98,0,0,0,0,0,0,35,1,0,0,0,6,0.159064695
12,CI23,Marahoué,57,CI2301,Bouaflé,KRIGAMBO,BFL001,2394,1366,1028,671,695,514,514,243,139,396,124,127,121,69,202,63,59,122,69,195,60,68,0,0,0,166,171,337,0,0,0,0,0,0,0,0,0,0-40,0,0,0,2,1,2,12,0,0,0,0,20,0,20,0,0,0,20,1,0,0,20,1,1,0,0,0,0,0,0,0,0,0,0,0,0,0,1,0,0,0-30,0-30,Primary 1-3,0-30,61-80,Senior High School,61-80,0-30,61-80,81-100,0-30,0-30,31-60,0,0,1,5,0,0,2,4,50,54,15,1,810,54,1,2,12,14,1,1,1,2000,1,166,171,337,0,39,26,65,2,24,31,55,2,35,32,67,2,24,33,57,2,22,24,46,2,22,25,47,2,47,12,12,98.88499451,98.88499451,98.88499451,99.00999451,99.00999451,99.00999451,10.10000038,8.329999924,9.220000267,0,0,0,28.5,0,0,1,1,12,0.040005334
12,CI23,Marahoué,57,CI2301,Bouaflé,LIADJENOUFLA 1,BFL002,1278,628,650,314,314,322,328,129,122,296,52,51,59,67,148,24,24,70,55,148,28,27,0,0,0,96,122,218,0,0,0,0,0,0,0,0,0,0-40,0,0,0,25,1,1,6,0,0,0,0,27,0,27,0,0,0,27,0,4,0,27,1,1,1,1,0,0,0,0,0,0,0,0,0,0,0,1,1,0,0-30,0-30,No school,0-30,81-100,Junior High School,61-80,0-30,81-100,81-100,0-30,0-30,0-30,0,0,1,180,1,0,2.5,0,100,100,19,1.25,1900,125,0,0,0,0,1,0,1,2000,1,96,122,218,0,30,30,60,1,11,20,31,1,15,20,35,1,26,30,56,1,11,12,23,1,3,10,13,1,13,6,6,98.41999817,97.54000092,97.98000336,99.83999634,100,99.91999817,0,0,0,0,0,0,36,0,0,1,1,6,0.128381163
12,CI23,Marahoué,57,CI2301,Bouaflé,TANGONO BOUITA,BFL003,1084,579,504,275,304,262,242,110,122,183,40,49,50,65,93,25,29,60,57,90,15,20,0,0,0,95,94,189,0,0,0,0,0,0,0,0,0,0-40,0,0,0,14,1,1,4,0,0,0,0,14,0,14,0,0,0,14,0,4,1,0,0,0,1,0,0,0,0,0,0,0,0,4,4,0,0,0,1,0,31-60,0-30,Primary 1-3,61-80,61-80,Junior High School,61-80,31-60,81-100,81-100,61-80,0-30,0-30,0,0,1,180,1,0,4,3,50,53,31,2,1643,106,0,0,0,0,1,1,1,1000,1,95,94,189,0,18,30,48,1,47,31,78,1,20,17,37,1,10,16,26,1,0,0,0,0,0,0,0,0,0,4,4,90,90,90,90,90,90,0,0,0,0,0,0,47,1,0,0,0,4,0
21,CI18,Haut-Sassandra,58,CI1801,Daloa,KEKEGOZA,DLA001,1686,830,856,415,415,435,421,198,197,288,83,91,95,102,146,43,49,103,95,142,39,42,0,0,0,116,129,245,15,17,32,12,23,35,3,9,12,0-40,0,0,0,5,1,1,6,0,0,0,0,5,0,17,0,0,0,17,0,5,0,17,1,1,0,1,1,0,0,0,0,0,0,12,12,0,0,1,1,0,31-60,31-60,Primary 4-6,31-60,61-80,Junior High School,61-80,31-60,0-30,81-100,31-60,0-30,0-30,0,0,0,120,0.5,0,1.5,6,240,246,12,0.75,2952,185,1,4,37,41,1,1,1,1000,1,116,129,245,16,17,30,47,1,33,24,57,1,16,25,41,1,10,15,25,1,24,17,41,1,16,18,34,1,33,6,6,94.11000061,100,97.05999756,100,100,100,0,3.440000057,1.720000029,0,0,0,41,1,0,0,1,6,0.024692614
21,CI18,Haut-Sassandra,58,CI1801,Daloa,ZAGUIGUIA,DLA002,3342,1785,1556,849,936,772,784,396,333,535,167,125,190,183,259,81,59,206,150,276,86,66,0,0,0,105,110,215,100,200,300,100,150,250,10,40,50,41-69,0,0,0,3,1,1,6,0,0,0,0,3,0,3,0,0,0,3,0,1,0,3,1,1,1,1,0,0,0,0,0,0,0,18,16,2,0,0,0,0,0-30,31-60,Primary 4-6,61-80,0-30,Senior High School,81-100,0-30,81-100,81-100,31-60,0-30,0-30,0,0,1,5,0,0,2,3,400,403,15,1,6045,403,0,0,0,0,0,0,1,1500,0,105,110,215,0,23,23,46,1,18,27,45,1,23,12,35,1,20,15,35,1,9,14,23,1,12,19,31,1,21,6,6,98.09999847,98.06999969,98.08999634,97.62999725,98.33000183,97.98000336,8.68999958,0,4.349999905,0,6.449999809,3.230000019,36,1,0,0,0,6,0.064538524
21,CI18,Haut-Sassandra,58,CI1801,Daloa,ZEBRA,DLA003,4999,2756,2241,1355,1401,1101,1140,534,387,888,223,210,259,212,429,96,105,274,175,459,127,105,0,0,0,327,428,755,89,104,193,29,45,74,3,12,15,41-69,0,0,0,7,1,2,13,0,0,0,0,7,0,7,0,0,0,7,1,0,0,7,1,1,0,0,0,0,0,0,0,0,0,12,12,0,0,0,0,0,0-30,0-30,Primary 4-6,31-60,31-60,Senior High School,61-80,0-30,61-80,81-100,61-80,0-30,0-30,0,1,1,30,0,0,3,10,500,510,23,1.5,11730,765,1,7,82,89,1,1,1,1500,1,327,428,755,53,82,87,169,3,54,60,114,2,60,74,134,2,47,77,124,2,50,69,119,2,34,61,95,2,77,14,13,95.61500549,97.64500427,96.63000488,97.44000244,98.61000061,98.02500153,1.765000105,1.735000014,1.75,2.380000114,0,1.190000057,54.5,1,0,0,1,13,0.044951387
15,CI132,Tonkpi,59,CI3202,Danané,DOHOUAPLEU,DNE001,789,443,345,220,223,175,170,88,74,118,31,35,42,38,62,14,19,46,35,56,17,16,0,0,0,20,20,40,0,0,0,0,0,0,0,0,0,0-40,0,0,0,13,0,0,0,1.5,0,0,0,13,0,13,0,0,0,13,0,13,0,13,0,1,0,0,0,0,0,0,0,0,0,0,0,0,0,1,1,0,0-30,81-100,No school,0-30,0-30,Junior High School,61-80,61-80,61-80,0-30,61-80,0-30,0-30,1,0,0,15,1,1,2,0,100,100,15,1,1500,100,0,0,0,0,1,0,1,1500,1,,,0,,,,,,,,,,,,,,,,,,,,,,,,,,,0,0,,,,,,0,,,,,,,,0,,0,0,0,0.040273897
15,CI132,Tonkpi,59,CI3202,Danané,GBAPLEU,DNE002,2582,1448,1135,724,724,571,564,234,217,432,155,96,112,117,216,84,42,122,101,216,71,54,0,0,0,157,167,324,0,0,0,0,0,0,0,0,0,0-40,0,0,0,44,1,1,6,0,0,0,0,24,0,44,0,0,0,111,0,18,0,44,0,0,0,0,1,0,0,0,0,0,1,18,16,2,1,1,0,0,61-80,31-60,Primary 1-3,0-30,61-80,Primary 4-6,0-30,61-80,0-30,61-80,81-100,0-30,0-30,0,0,1,30,0,1,3,50,400,450,23,1.5,10350,675,0,0,0,0,1,0,1,1000,0,93,140,233,1,37,49,86,1,27,30,57,1,10,22,32,1,11,20,31,1,6,8,14,1,2,11,13,1,11,5,6,97,96,96.5,97,95,96,1,2,1.5,0,0,0,47,0,0,0,0,6,0.15415068
15,CI132,Tonkpi,59,CI3202,Danané,TOUOPLEU,DNE003,1933,1033,901,491,542,438,463,175,156,389,111,70,86,83,186,47,36,88,73,203,64,35,0,0,0,98,144,242,0,0,0,0,0,0,0,0,0,0-40,0,0,0,18,1,1,6,0,0,0,0,18,0,45,0,0,0,45,0,3,0,18,0,1,1,0,1,1,1,0,0,0,0,13,10,3,1,1,1,0,31-60,31-60,Primary 1-3,0-30,81-100,Primary 1-3,31-60,31-60,61-80,61-80,61-80,31-60,0-30,0,0,1,30,0,1,1,20,250,270,8,0.5,2160,135,0,0,0,0,1,0,1,1000,1,98,144,242,48,30,40,70,1,20,25,45,1,10,14,24,1,20,24,44,1,7,20,27,1,11,21,32,1,28,6,6,94,96,95,92,89,90.5,7,7.5,7.25,9,0,4.5,40,0,0,0,0,6,0.055059779
15,CI132,Tonkpi,59,CI3202,Danané,TRON-HOUNIEN,DNE004,975,556,418,273,283,202,216,76,72,176,45,49,35,36,84,23,24,41,36,93,21,25,0,0,0,25,25,50,0,0,0,0,0,0,0,0,0,0-40,0,0,0,8,0,0,0,2,0,0,0,8,0,8,0,0,0,18,0,2,0,18,0,0,0,0,0,0,0,0,0,0,0,0,0,0,0,0,0,0,81-100,81-100,No school,0-30,61-80,Primary 1-3,61-80,61-80,61-80,0-30,61-80,0-30,61-80,0,0,0,10,0.5,1,0.5,15,100,115,4,0.25,460,29,0,0,0,0,1,0,1,1000,0,,,0,,,,,,,,,,,,,,,,,,,,,,,,,,,0,0,,,,,,0,,,,,,,,0,,0,0,0,0.463837117
22,CI19,Iffou,60,CI1901,Daoukro,KOUTOUKOUNOU,DKO001,1869,1066,803,524,542,392,411,207,92,345,75,84,98,49,168,31,46,109,43,177,44,38,0,0,0,134,98,232,0,0,0,0,0,0,0,0,0,70-100,0,0,0,9,1,1,6,0,0,0,0,9,0,9,0,0,0,9,0,3,0,9,1,0,0,1,1,1,1,0,2,2,1,5,4,1,1,1,0,0,31-60,31-60,Primary 4-6,31-60,81-100,Junior High School,31-60,31-60,81-100,61-80,0-30,0-30,81-100,1,1,1,60,0,0,0.5,5,50,55,4,0.25,220,14,1,1,5,6,0,0,1,1500,1,134,98,232,0,23,26,49,1,18,16,34,1,25,19,44,1,21,10,31,1,17,14,31,1,30,13,43,1,29,6,6,100,100,100,100,100,100,0,0,0,0,0,0,39,1,0,0,1,6,0.624154329
8,CI06,Belier,61,CI0601,Didiévi,KONDROKRO-DJASSANOU,DDI001,2038,1163,877,571,592,420,457,172,180,311,125,88,80,90,147,53,50,92,90,165,72,38,0,0,0,149,172,321,0,0,0,0,0,0,0,0,0,41-69,0,0,0,22,1,1,6,0,0,0,0,22,0,22,0,0,0,22,1,0,0,22,1,1,1,1,1,0,1,5,5,10,1,22,14,8,1,1,1,0,0-30,0-30,No school,0-30,0-30,Primary 1-3,31-60,31-60,81-100,81-100,81-100,0-30,0-30,0,1,0,40,1,1,0.75,2,100,102,6,0.375,612,38,1,0,1,1,0,0,1,1500,1,149,172,321,131,33,32,65,1,26,30,56,1,34,31,65,1,22,37,59,1,17,21,38,1,17,21,38,1,34,6,6,100,100,100,100,100,100,0,0,0,0,0,0,54,1,1,0,1,6,0.219053566
8,CI06,Belier,61,CI0601,Didiévi,YOBOUA-ALLANIKRO,DDI002,1280,684,595,325,359,291,304,129,107,224,78,59,61,60,106,33,31,67,47,117,45,28,0,0,0,93,97,190,0,0,0,0,0,0,0,0,0,41-69,0,0,0,22,1,2,4,0,0,0,0,22,0,22,0,0,0,22,0,2,0,2,1,1,0,1,1,1,0,5,10,15,0,11,8,3,1,1,1,0,31-60,31-60,No school,0-30,0-30,Primary 1-3,0-30,31-60,81-100,81-100,61-80,0-30,0-30,0,1,0,30,1,1,0.5,0,10,10,4,0.25,40,3,1,0,16,16,0,0,1,1500,1,118,127,245,0,49,64,113,2,33,21,54,1,0,0,0,0,18,15,33,1,15,13,28,1,3,14,17,0,17,6,5,97.96499634,95.58499908,96.77500153,50,50,50,0,0,0,0,0,0,38,0,1,0,0,5,0.280301958
24,CI27,N'zi,62,CI2702,Dimbokro,EDIAKRO,DMK001,1293,680,614,329,351,307,307,164,107,230,56,56,80,54,120,24,29,84,53,111,32,27,20,19,39,65,76,141,11,7,18,5,3,8,0,0,0,70-100,1,1,1,0,1,1,6,0,0,0,0,12,0,12,0,0,0,12,0,6,0,12,1,0,0,1,0,0,0,0,0,0,0,14,11,3,0,0,1,0,0-30,0-30,Primary 1-3,0-30,61-80,Primary 4-6,0-30,61-80,81-100,31-60,0-30,0-30,0-30,0,0,1,30,0,1,2,7,150,157,15,1,2355,157,0,0,0,0,1,0,0,,0,65,76,141,0,16,15,31,1,11,10,21,1,7,9,16,1,13,11,24,1,19,12,31,1,1,17,18,1,18,6,6,90,90,90,90,90,90,0,0,0,0,0,0,24,1,0,0,1,6,0.035091322
6,CI22,Loh-Djiboua,13,CI2201,Divo,BOUAKAKO,DIV002,1002,517,483,255,262,240,243,112,85,188,52,47,55,45,91,22,27,56,39,98,30,20,0,0,0,66,94,160,0,0,0,0,0,0,0,0,0,70-100,0,0,0,5,1,1,6,0,0,0,0,5,0,5,0,0,0,37,0,5,0,5,1,1,0,0,0,0,0,0,0,0,0,14,13,1,1,1,0,1,0-30,0-30,Primary 4-6,31-60,0-30,Junior High School,61-80,0-30,81-100,0-30,81-100,0-30,0-30,0,1,1,30,0,1,2,20,150,170,15,1,2550,170,0,0,0,0,1,1,1,2000,0,66,94,160,0,17,18,35,1,6,14,20,1,13,15,28,1,8,15,23,1,12,12,24,1,10,20,30,1,29,6,6,90,90,90,90,90,90,0,0,0,0,0,0,27,0,0,0,0,6,0.391280472
6,CI22,Loh-Djiboua,13,CI2201,Divo,CNRA,DIV004,3412,1734,1678,867,867,838,840,361,382,673,131,132,176,208,331,60,63,185,174,342,70,69,56,60,116,265,307,572,0,0,0,0,0,0,0,0,0,70-100,1,1,3,0,1,2,12,0,0,0,0,17,0,17,0,0,0,17,1,0,0,2,1,0,1,1,0,0,0,0,0,0,0,5,5,0,0,0,0,0,0-30,0-30,Senior High School,0-30,0-30,Vocational/technical,81-100,0-30,81-100,0-30,0-30,0-30,0-30,0,1,1,2,0.100000001,0,4,0,500,500,31,2,15500,1000,0,0,0,0,1,0,0,,1,265,307,572,0,34,32,66,2,38,35,73,2,39,27,66,2,66,67,133,2,46,48,94,2,53,87,140,2,118,12,12,100,100,100,100,100,100,1.019999981,0,0.50999999,0.340000004,0.340000004,0.340000004,48,0,0,0,0,12,0.600056767
6,CI22,Loh-Djiboua,13,CI2201,Divo,DIGO,DIV006,672,330,343,165,165,169,174,82,85,112,34,29,39,42,54,18,16,44,42,57,17,14,0,0,0,50,50,100,0,0,0,0,0,0,0,0,0,41-69,0,0,0,10,1,1,3,0,0,0,0,37,0,37,0,0,0,37,0,3,0,37,0,1,0,1,0,0,0,0,0,0,0,18,10,8,1,0,0,0,0-30,0-30,Primary 4-6,0-30,0-30,Junior High School,61-80,0-30,61-80,81-100,0-30,0-30,0-30,0,0,0,60,1,1,1,0,50,50,8,0.5,400,25,1,0,22,22,1,0,0,,0,50,50,100,3,9,11,20,1,5,9,14,0,6,9,15,1,16,5,21,0,7,8,15,1,7,8,15,0,14,3,3,98,97,97.5,100,100,100,5,5,5,0,0,0,33,0,0,0,0,3,0.200670704
9,CI16,Guémon,16,CI1602,Duekoué,DIBOBLI,DUE006,11802,6381,5420,3289,3092,2754,2666,1238,1099,1762,758,564,578,603,900,343,330,660,496,862,414,234,10,20,30,669,770,1439,148,261,409,97,114,211,12,15,27,41-69,1,1,1,0,1,5,30,0,1,1,8,0,0,18,0,0,0,40,1,0,0,18,1,1,1,1,1,1,1,0,0,0,0,14,13,1,0,1,1,0,0-30,0-30,Primary 1-3,0-30,61-80,Senior High School,61-80,0-30,61-80,31-60,61-80,0-30,0-30,1,1,1,30,0,1,3,56,2000,2056,23,1.5,47288,3084,1,39,902,941,1,0,1,2000,1,669,770,1439,0,147,151,298,5,114,132,246,5,109,116,225,5,94,132,226,5,102,115,217,5,103,124,227,5,216,33,30,99.73400116,99.52200317,99.62799835,99.78400421,99.97200012,99.88600159,0,1.736000061,0.868000031,0,0,0,43,1,0,0,1,30,0.075985901
9,CI16,Guémon,16,CI1602,Duekoué,OKAKRO 2,DUE007,527,263,265,129,134,133,132,58,56,100,27,22,28,31,51,12,11,30,26,49,16,11,0,0,0,8,9,17,0,6,6,0,8,8,0,5,5,0-40,0,0,0,3,0,0,0,3,0,0,0,35,0,35,0,0,0,35,0,3,0,3,0,0,0,0,0,0,0,0,0,0,0,0,0,0,0,0,0,0,0-30,61-80,Primary 4-6,0-30,61-80,Senior High School,61-80,0-30,81-100,0-30,31-60,0-30,31-60,0,0,0,60,1,1,2,5,50,55,15,1,825,55,0,0,0,0,1,0,1,2000,0,,,0,,,,,,,,,,,,,,,,,,,,,,,,,,,0,0,,,,,,0,,,,,,,,0,,0,0,0,0
9,CI16,Guémon,63,CI1603,Facobly,GBADROU,FAC001,1873,1069,805,525,544,411,394,174,180,286,81,84,85,97,152,31,46,89,82,134,51,38,0,0,0,90,153,243,0,0,0,0,0,0,0,0,0,70-100,0,0,0,2,1,1,6,0,0,0,0,8,0,8,0,0,0,8,1,0,1,0,1,1,0,1,0,0,0,0,0,0,0,3,2,1,0,0,0,1,0-30,31-60,Primary 4-6,0-30,61-80,Primary 4-6,31-60,31-60,81-100,81-100,81-100,0-30,0-30,1,1,1,60,0,0,4,20,300,320,31,2,9920,640,0,0,0,0,0,0,1,1000,0,90,153,243,0,15,35,50,1,18,22,40,1,24,26,50,1,10,27,37,1,13,22,35,1,10,21,31,1,27,6,6,75,70,72.5,62,68,65,0,0,0,0,0,0,41,0,0,0,1,6,0
18,CI12,Gbôkle,64,CI1201,Fresco,ZUZUOKO,FRE001,1838,932,905,469,463,443,462,155,174,406,97,73,76,95,195,41,36,79,79,211,56,37,15,12,27,146,199,345,76,81,157,24,33,57,3,7,10,70-100,1,1,1,0,1,1,6,0,0,0,0,17,0,17,0,0,0,17,1,0,0,55,0,1,1,1,1,1,1,0,2,2,0,8,7,1,1,0,0,0,0-30,0-30,Junior High School,31-60,0-30,Junior High School,61-80,0-30,81-100,0-30,0-30,0-30,0-30,0,1,1,20,0,0,4,22,200,222,31,2,6882,444,1,14,47,61,1,1,1,2000,1,167,225,392,0,40,40,80,1,36,51,87,1,23,44,67,1,23,28,51,1,21,26,47,1,24,36,60,1,33,6,6,90,90,90,90,90,90,0,0,0,0,0,0,65,0,0,0,1,6,0.024692614
10,CI13,Goh,29,CI1301,Gagnoa,BASSEHOA,GGN032,2841,1620,1221,796,824,603,618,224,205,565,99,128,105,108,272,48,70,119,97,293,52,57,0,0,0,217,207,424,75,125,200,25,75,100,1,3,4,0-40,0,0,0,18,1,1,6,0,0,0,0,18,0,18,0,0,0,18,0,18,0,45,0,0,0,0,0,0,0,0,0,0,0,19,18,1,0,1,0,0,0-30,0-30,No school,0-30,61-80,Junior High School,61-80,0-30,81-100,81-100,61-80,0-30,0-30,0,1,0,45,1,1,1,10,450,460,8,0.5,3680,230,0,0,0,0,1,1,1,1500,1,217,207,424,0,46,44,90,1,44,57,101,1,27,26,53,1,42,29,71,1,24,24,48,1,34,27,61,1,49,7,6,95.75,97.65000153,96.69999695,96.34999847,96.65000153,96.5,0,0,0,0,3.700000048,1.850000024,61,0,0,1,1,6,0.112795494
10,CI13,Goh,29,CI1301,Gagnoa,BLOUZON,GGN033,2210,1138,1070,559,579,518,552,209,141,432,160,128,97,73,211,70,67,112,68,221,90,61,0,0,0,119,150,269,25,50,75,3,7,10,0,0,0,70-100,0,0,0,2.5,1,1,6,0,0,0,0,2.5,0,2.5,0,0,0,2.5,0,2.5,0,3,1,1,1,1,0,1,1,0,3,3,0,3,3,0,1,1,0,0,31-60,31-60,Primary 4-6,31-60,31-60,Senior High School,61-80,0-30,81-100,61-80,61-80,0-30,0-30,0,0,1,5,0,0,1.5,10,320,330,12,0.75,3960,248,1,5,196,201,1,1,0,,0,119,150,269,0,19,24,43,1,27,27,54,1,18,29,47,1,20,21,41,1,20,27,47,1,15,22,37,1,28,6,6,95.34999847,96.26000214,95.80999756,83.5,82.73000336,83.12000275,0,0,0,0,0,0,45,0,0,1,1,6,0.081125543
10,CI13,Goh,29,CI1301,Gagnoa,GNALIEPA,GGN034,2513,1388,1126,704,684,578,548,263,222,459,89,93,131,114,232,59,42,131,108,227,31,51,0,0,0,157,187,344,23,62,85,13,36,49,0,0,0,70-100,0,0,0,2,1,1,12,0,0,0,0,2,0,2,0,0,0,2,1,0,0,2,1,1,1,1,0,0,1,0,0,0,0,12,11,1,1,0,0,0,0-30,0-30,Primary 4-6,0-30,61-80,Junior High School,61-80,0-30,81-100,81-100,31-60,0-30,0-30,0,0,1,1,0,0,2,3,400,403,15,1,6045,403,1,0,20,20,1,1,1,1000,1,157,187,344,0,36,43,79,2,29,34,63,2,25,24,49,2,32,30,62,2,22,29,51,2,13,27,40,2,35,12,12,98.05999756,99.40000153,98.73000336,99.25,99.90000153,99.58000183,0,5.059999943,2.529999971,0,0,0,29,0,0,0,1,12,0.189756542
10,CI13,Goh,29,CI1301,Gagnoa,KRAGBALILIE,GGN035,1590,837,752,407,430,366,386,187,142,292,75,58,93,74,142,32,25,93,68,150,43,32,0,0,0,118,130,248,15,25,40,20,30,50,0,0,0,70-100,0,0,0,38,1,1,6,0,0,0,0,7,0,38,0,0,0,38,1,0,0,38,1,1,0,1,0,0,1,0,0,0,0,7,6,1,0,1,1,0,0-30,0-30,Junior High School,61-80,0-30,Junior High School,61-80,0-30,81-100,81-100,31-60,0-30,0-30,0,1,1,45,0,1,2.5,12,100,112,19,1.25,2128,140,0,0,0,0,1,1,1,1500,1,124,138,262,0,26,28,54,1,23,21,44,1,21,25,46,1,18,18,36,1,19,18,37,1,11,28,45,1,45,6,6,84.41000366,84.41000366,84.41000366,85.23000336,85.23000336,85.23000336,0,12.5,6.25,8.300000191,9.090000153,8.699999809,44,0,0,0,1,6,0
10,CI13,Goh,29,CI1301,Gagnoa,VALOUA,GGN036,5224,2928,2296,1464,1464,1144,1152,461,529,968,156,182,224,273,480,76,91,237,256,488,80,91,0,0,0,259,467,726,0,0,0,0,0,0,0,0,0,0-40,0,0,0,30,1,1,7,0,0,0,0,4,0,30,0,0,0,30,0,4,0,4,1,1,0,1,0,0,0,0,0,0,0,10,8,2,1,0,0,0,0-30,31-60,Primary 4-6,0-30,0-30,Junior High School,31-60,0-30,81-100,0-30,31-60,0-30,0-30,0,0,1,10,0,1,0.5,4,1000,1004,4,0.25,4016,251,0,0,0,0,1,0,0,,1,149,214,363,0,42,56,98,2,20,38,58,1,29,36,65,1,28,33,61,1,21,26,47,1,9,25,34,1,30,7,7,90,90,90,90,93,91,3,8,5.5,2,6,4,52,0,0,0,1,7,0.361501992
20,CI15,Grands Ponts,65,CI1502,Grand-Lahou,ALLEKEDON,GRL001,760,426,334,213,213,171,163,79,39,138,38,40,39,22,70,21,19,40,17,68,17,21,0,0,0,54,44,98,15,21,36,13,17,30,5,9,14,0-40,0,0,0,3,1,1,3,0,0,0,0,3,0,30,0,0,0,70,0,3,0,3,0,1,0,1,0,0,0,0,0,0,0,10,9,1,0,0,0,0,0-30,0-30,No school,0-30,81-100,Primary 1-3,0-30,81-100,31-60,61-80,61-80,0-30,0-30,0,1,0,60,1,0,1,5,80,85,8,0.5,680,43,0,0,0,0,1,1,0,,0,54,44,98,22,13,16,29,1,11,8,19,0,8,8,16,1,13,5,18,0,4,3,7,1,5,4,9,0,7,3,3,100,100,100,80,75,77.5,0,0,0,10.31999969,12.56000042,11.43999958,33,0,0,0,0,3,0
20,CI15,Grands Ponts,65,CI1502,Grand-Lahou,NIANDA,GRL002,789,450,338,221,229,169,169,104,31,127,42,35,48,18,66,18,19,55,13,61,24,16,0,0,0,46,58,104,11,23,34,0,0,0,0,0,0,0-40,0,0,0,7,1,1,6,0,0,0,0,15,0,15,0,0,0,70,0,7,0,7,1,1,1,0,0,0,0,0,0,0,1,5,4,1,0,0,0,0,0-30,0-30,Primary 1-3,0-30,61-80,Primary 4-6,31-60,61-80,81-100,81-100,0-30,0-30,31-60,0,0,0,60,2,0,2,7,36,43,15,1,645,43,1,2,18,20,1,0,1,2000,0,46,58,104,0,14,13,27,1,6,9,15,1,7,9,16,1,9,10,19,1,5,9,14,1,5,8,13,1,7,6,6,100,100,100,90,89,89.5,0,0,0,0,3,1.5,17,1,0,0,0,6,0.150822893
5,CI26,Nawa,35,CI2602,Guéyo,GODIAYO 1,GUE010,750,387,363,184,203,183,180,72,96,117,35,43,35,52,57,17,22,37,44,60,18,21,0,0,0,52,41,93,18,23,41,9,11,20,2,8,10,41-69,0,0,0,3,1,1,6,0,0,0,0,3,0,3,0,0,0,3,0,3,0,3,1,1,1,0,1,0,0,0,0,0,0,0,0,0,0,0,0,0,0-30,0-30,Primary 1-3,0-30,61-80,Primary 4-6,31-60,0-30,81-100,61-80,61-80,0-30,0-30,0,1,1,60,0,1,2.5,7,80,87,19,1.25,1653,109,0,0,0,0,1,0,1,1500,1,52,41,93,0,8,8,16,1,16,15,31,1,10,6,16,1,6,5,11,1,5,3,8,1,7,4,11,1,11,6,6,100,100,100,100,100,100,0,0,0,0,0,0,16,0,0,0,0,6,0.064538524
17,CI08,Cavally,32,CI0902,Guiglo,GLOPAOUDY,GGL007,2263,1291,974,634,657,502,472,235,176,349,92,120,116,99,186,45,56,119,77,164,48,64,0,0,0,120,177,297,7,3,10,6,89,95,5,69,74,0-40,0,0,0,2,1,1,6,0,0,0,0,15,0,15,0,0,0,15,0,3,0,3,1,1,0,1,0,0,0,0,0,0,0,7,6,1,1,1,1,0,0-30,0-30,Primary 4-6,31-60,0-30,Junior High School,31-60,0-30,81-100,81-100,31-60,0-30,0-30,1,1,1,30,0,1,1,10,350,360,8,0.5,2880,180,0,0,0,0,1,0,1,2000,0,120,177,297,0,22,44,66,1,22,21,43,1,23,30,53,1,24,28,52,1,16,25,41,1,13,29,42,1,21,6,6,95.44999695,94.91999817,95.18000031,100,96.55000305,98.26999664,4.550000191,1,1,1,3.450000048,1.720000029,50,1,0,1,1,6,0
6,CI22,Loh-Djiboua,18,CI2202,Guitry,GLY 2,GUI007,4327,2426,1902,1213,1213,945,957,516,280,805,163,138,242,146,410,77,70,274,134,396,85,68,0,0,0,253,351,604,0,0,0,0,0,0,0,0,0,70-100,0,0,0,52,1,2,11,0,0,0,0,20,0,52,0,0,0,52,0,3,0,52,0,1,1,1,1,1,1,1,1,2,1,10,8,2,1,0,0,1,0-30,0-30,No school,0-30,61-80,Junior High School,0-30,31-60,0-30,0-30,0-30,0-30,0-30,0,0,0,60,0.5,1,5,30,700,730,38,2.5,27740,1825,1,2,22,24,1,0,1,1500,1,253,351,604,0,62,72,134,2,60,71,131,2,46,65,111,2,36,56,92,2,26,40,66,2,23,47,70,1,65,12,11,89.50999451,94.13499451,91.82499695,48.29499817,48.29499817,48.29499817,8.065000534,3.095000029,5.579999924,1.424999952,1.424999952,1.424999952,50.5,1,0,0,1,11,0.120627992
21,CI18,Haut-Sassandra,66,CI1802,Issia,GAZIBOUO,ISS001,4094,2014,2081,1007,1007,1038,1043,487,407,842,181,163,225,210,425,92,86,262,197,418,89,77,0,0,0,365,380,745,70,130,200,0,0,0,0,0,0,0-40,0,0,0,15,1,2,12,0,1,1,4,0,0,15,0,0,0,15,1,0,0,15,0,0,0,1,0,0,0,0,0,0,0,22,15,7,1,1,1,1,0-30,0-30,Primary 4-6,61-80,0-30,Junior High School,81-100,0-30,81-100,81-100,0-30,0-30,0-30,0,1,0,120,2,1,3,2,600,602,23,1.5,13846,903,1,0,0,0,1,0,1,1500,0,365,380,745,31,56,71,127,2,97,81,178,2,69,62,131,2,51,65,116,2,43,45,88,2,49,56,105,2,91,12,12,95.33499908,96.81500244,96.07499695,98.24000549,97.61500549,97.93000031,5.970000267,5.769999981,5.869999886,1.110000014,0.600000024,0.855000019,62.5,0,0,0,1,12,0.065957971
21,CI18,Haut-Sassandra,66,CI1802,Issia,LOUKOUAHIO,ISS002,2162,1098,1064,549,549,525,539,208,204,501,70,80,104,102,250,32,37,104,102,251,38,44,0,0,0,218,208,426,11,19,30,1,7,8,0,0,0,70-100,0,0,0,2.5,1,2,12,0,0,0,0,3,0,2.5,0,0,0,3,0,2.5,0,3,1,0,0,1,0,0,0,0,0,0,0,6,4,2,0,0,0,0,0-30,0-30,Primary 4-6,0-30,0-30,Junior High School,81-100,81-100,81-100,81-100,0-30,0-30,0-30,0,0,1,60,0,1,1.5,10,300,310,12,0.75,3720,233,0,0,0,0,1,0,1,1000,1,218,208,426,0,46,42,88,2,46,45,91,2,31,31,62,2,35,37,72,2,28,24,52,2,30,31,61,2,44,12,12,93.5,92,92.75,96,97,96.5,7.664999962,4.845000267,6.255000114,0,0,0,35.5,1,0,0,1,12,0.186585963
21,CI18,Haut-Sassandra,66,CI1802,Issia,ZOBIA,ISS003,766,380,386,188,192,192,194,69,77,173,34,33,34,39,87,14,18,35,38,87,19,15,0,0,0,74,89,163,31,35,66,15,20,35,5,7,12,70-100,0,0,0,1.5,1,1,6,0,0,0,0,1.5,0,2,0,0,0,2,0,2,0,3,1,1,1,1,0,0,0,0,0,0,0,8,6,2,0,1,0,0,0-30,0-30,Primary 4-6,31-60,31-60,Senior High School,61-80,0-30,81-100,81-100,61-80,0-30,0-30,0,0,0,60,1,1,2,2,100,102,15,1,1530,102,0,0,0,0,1,1,1,1500,0,74,89,163,0,11,28,39,1,11,18,29,1,17,12,29,1,11,13,24,1,11,9,20,1,13,9,22,1,15,6,6,95,94,94.5,97,88,92.5,0,10.71000004,5.360000134,10.76000023,11.10999966,10.93999958,27,1,0,0,0,6,0.051293295
20,CI15,Grands Ponts,67,CI1503,Jacqueville,ABRACO,JAC001,824,442,383,211,231,188,195,56,86,183,30,27,26,45,88,16,13,31,41,95,14,14,5,9,14,96,128,224,46,39,85,20,22,42,5,8,13,70-100,1,1,3,0,1,1,6,0,0,0,0,26,0,26,0,0,0,26,1,0,0,26,1,1,1,0,0,0,0,0,0,0,0,12,11,1,0,0,0,0,0-30,0-30,Junior High School,61-80,0-30,Senior High School,61-80,0-30,81-100,0-30,81-100,0-30,0-30,0,0,1,5,0,1,0.5,0,30,30,4,0.25,120,8,0,0,0,0,0,0,0,,0,96,128,224,30,17,26,43,1,18,28,46,1,15,16,31,1,20,25,45,1,13,14,27,1,13,19,32,1,27,6,6,90,92,91,100,100,100,5,3,4,0,0,0,37,0,0,1,1,6,0
24,CI27,N'zi,68,CI2703,Kouassi-Kouassikro,LENGBE-KOUASSIBLEKRO,KKK001,1120,578,541,285,293,266,275,136,105,200,54,47,66,55,97,24,24,70,50,103,29,23,0,0,0,76,94,170,15,29,44,1,11,12,0,1,1,70-100,0,0,0,5,1,1,6,0,0,0,0,5,0,5,0,0,0,125,0,5,0,63,0,1,1,0,0,0,0,0,0,0,0,13,10,3,0,1,1,0,0-30,0-30,No school,0-30,81-100,No school,0-30,81-100,81-100,0-30,61-80,0-30,0-30,0,1,1,60,0,1,1,0,30,30,8,0.5,240,15,0,0,0,0,1,0,0,,0,76,94,170,13,16,19,35,1,16,18,34,1,11,16,27,1,11,13,24,1,8,14,22,1,14,14,28,1,27,4,6,98.23999786,97.09999847,97.66999817,96.75,98.26000214,97.51000214,0,3.160000086,1.580000043,0,0,0,43,0,0,0,0,6,0.024097551
9,CI16,Guémon,38,CI1604,Kouibly,KOULAYERE,KLY001,1693,934,758,474,460,373,385,189,94,327,77,71,93,53,162,31,34,96,41,165,46,37,0,0,0,91,122,213,0,0,0,0,0,0,0,0,0,70-100,0,0,0,10,1,1,6,0,0,0,0,10,0,10,0,0,0,25,1,0,0,10,0,0,0,0,0,0,1,0,0,0,0,10,8,2,1,0,0,0,0-30,0-30,Primary 4-6,0-30,61-80,Junior High School,61-80,0-30,81-100,81-100,81-100,0-30,0-30,1,1,1,60,0,0,2,4,300,304,15,1,4560,304,0,0,0,0,0,0,1,1000,1,91,122,213,0,25,36,61,1,20,16,36,1,12,13,25,1,9,24,33,1,10,20,30,1,14,14,28,1,28,6,6,98,98,98,100,100,100,0,3,1.5,0,0,0,36,0,0,0,1,6,0
19,CI14,Gontougo,69,CI1402,Koun-Fao,KODOMAN-BOVOUANSO,KFO001,240,128,112,61,67,55,57,30,17,46,9,10,14,9,23,4,5,16,8,23,5,5,0,0,0,5,17,22,0,5,5,0,0,0,0,2,2,70-100,0,0,0,14,0,0,0,14,0,0,0,14,0,14,0,0,0,14,0,33,0,7,0,1,0,0,1,0,0,0,0,0,0,28,25,3,1,1,0,0,31-60,31-60,Primary 4-6,0-30,61-80,Primary 1-3,31-60,0-30,81-100,81-100,61-80,31-60,0-30,0,1,1,30,0,1,1,0,10,10,8,0.5,80,5,0,0,0,0,1,0,0,,0,,,0,,,,,,,,,,,,,,,,,,,,,,,,,,,0,0,,,,,,0,,,,,,,,0,,0,0,0,0.022989519
19,CI14,Gontougo,69,CI1402,Koun-Fao,KOTOGWANDA,KFO002,3246,1834,1412,925,909,697,715,340,207,552,149,163,154,117,276,68,82,186,91,276,81,81,24,26,50,221,248,469,84,101,185,0,0,0,0,0,0,70-100,1,1,2,0,1,2,12,0,1,1,4,0,0,10,0,0,0,82.5,1,0,0,10,1,1,1,1,0,0,0,0,0,0,1,5,3,2,1,1,1,1,81-100,31-60,Primary 4-6,0-30,61-80,Junior High School,61-80,31-60,81-100,0-30,81-100,61-80,81-100,1,0,1,120,0,1,1,3,50,53,8,0.5,424,27,1,6,14,20,1,0,0,,0,221,248,469,0,36,50,86,2,39,50,89,2,53,39,92,2,39,31,70,2,35,38,73,2,30,29,59,2,54,12,12,93.10499573,94.07499695,93.58999634,95.45500183,93.99499512,94.72499847,8.664999962,2.920000076,5.795000076,0,0,0,39,0,1,0,0,12,0.400477558
19,CI14,Gontougo,69,CI1402,Koun-Fao,MISSOUMIHIAN 2,KFO003,782,418,365,199,219,188,177,73,33,169,55,34,35,20,87,26,20,38,13,82,30,14,0,0,0,41,58,99,0,0,0,0,0,0,0,0,0,70-100,0,0,0,12,0,0,0,0.5,0,0,0,12,0,12,0,0,0,90,0,0.5,0,12,1,1,1,1,0,0,0,0,0,0,0,8,6,2,0,1,1,0,0-30,0-30,Primary 4-6,0-30,81-100,Primary 1-3,0-30,81-100,81-100,0-30,81-100,0-30,0-30,0,0,0,150,2,1,1,0,10,10,8,0.5,80,5,1,0,20,20,1,0,1,2000,0,,,0,,,,,,,,,,,,,,,,,,,,,,,,,,,0,0,,,,,,0,,,,,,,,0,,0,0,0,0.318453729
19,CI14,Gontougo,69,CI1402,Koun-Fao,N'DAKRO,KFO004,992,513,479,243,270,238,241,121,82,172,64,39,60,42,87,30,19,61,41,85,34,20,0,0,0,35,58,93,0,0,0,0,0,0,0,0,0,0-40,0,0,0,22,1,1,3,0,0,0,0,22,0,22,0,0,0,142,0,10,0,10,1,1,1,0,1,1,0,6,14,20,0,10,6,4,1,0,0,0,0-30,0-30,Primary 4-6,0-30,61-80,Primary 4-6,0-30,61-80,31-60,0-30,61-80,31-60,61-80,0,1,1,10,0,1,1,0,10,10,8,0.5,80,5,0,0,0,0,1,1,1,1000,1,52,72,124,2,17,14,31,1,18,21,39,0,0,0,0,0,10,24,34,1,0,0,0,0,7,13,20,1,11,3,3,90,90,90,90,90,90,0,0,0,0,0,0,41,0,0,0,0,3,0.031748697
19,CI14,Gontougo,69,CI1402,Koun-Fao,PENGAKRO,KFO005,4981,2450,2530,1225,1225,1257,1273,624,488,987,226,206,290,258,509,99,101,334,229,478,127,105,0,0,0,368,372,740,0,0,0,0,0,0,0,0,0,41-69,0,0,0,13,1,2,12,0,0,0,0,13,0,13,0,0,0,28,1,0,0,13,1,1,1,1,0,1,1,0,2,2,0,6,5,1,0,1,1,0,31-60,31-60,No school,0-30,81-100,Senior High School,61-80,31-60,81-100,81-100,81-100,61-80,61-80,0,0,1,20,0,1,2,3,300,303,15,1,4545,303,1,5,15,20,1,0,1,2000,0,360,364,724,0,103,97,200,2,39,65,104,2,53,47,100,2,59,55,114,2,69,47,116,2,43,51,94,2,65,13,12,85.5,85.5,85.5,92.11999512,93,92.55999756,3,3,3,0,0,0,56,0,1,0,0,12,0.440311849
6,CI22,Loh-Djiboua,36,CI2203,Lakota,ADAMA KOUAMEKRO,LAK013,2163,1084,1080,531,553,556,524,286,198,392,87,117,134,104,209,45,64,152,94,183,42,53,0,0,0,107,143,250,0,0,0,0,0,0,0,0,0,70-100,0,0,0,25,1,1,6,0,0,0,0,25,0,25,0,0,0,25,0,25,0,25,0,0,0,0,0,0,1,0,0,0,1,10,8,2,0,1,0,0,0-30,0-30,Primary 1-3,0-30,61-80,Primary 1-3,0-30,0-30,81-100,31-60,61-80,0-30,0-30,0,0,0,60,1,1,3.200000048,20,250,270,25,1.600000024,6750,432,0,0,0,0,1,0,1,2000,0,107,143,250,60,24,31,55,1,21,21,42,1,20,27,47,1,23,20,43,1,17,15,32,1,15,16,31,1,30,6,6,66.59999847,100,83.30000305,100,100,100,10.30000019,5.25,7.78000021,0,0,0,42,0,0,1,0,6,0.032260861
6,CI22,Loh-Djiboua,36,CI2203,Lakota,BESSABOUA,LAK014,1660,918,743,463,455,368,375,186,170,252,67,68,92,86,119,37,34,93,85,133,30,34,0,0,0,100,114,214,0,0,0,0,0,0,0,0,0,70-100,0,0,0,12,1,1,5,0,0,0,0,12,0,12,0,0,0,12,0,3,0,1,0,0,0,0,0,0,0,0,0,0,0,12,11,1,0,0,0,0,81-100,31-60,Primary 1-3,31-60,31-60,Junior High School,81-100,61-80,61-80,31-60,61-80,0-30,0-30,0,0,1,30,0,1,3.5,20,250,270,27,1.75,7290,473,0,0,0,0,1,0,0,,0,100,114,214,100,24,22,46,1,24,26,50,1,16,28,44,1,20,23,43,1,16,15,31,1,0,0,0,0,0,5,5,81.81999969,90.91000366,86.37000275,0,0,0,18.18000031,9.090000153,13.64000034,0,0,0,43,1,0,0,0,5,0.084083118
6,CI22,Loh-Djiboua,36,CI2203,Lakota,GODELILIE 2,LAK015,2487,1358,1127,679,679,562,565,182,210,556,79,102,87,105,270,49,51,95,104,286,30,50,0,0,0,168,249,417,0,0,0,0,0,0,0,0,0,0-40,0,0,0,35,1,1,6,0,0,0,0,35,0,35,0,0,0,65,0,7,0,7,0,0,0,0,0,0,0,0,0,0,0,5,4,1,0,1,0,0,0-30,0-30,Primary 4-6,31-60,61-80,Junior High School,81-100,0-30,0-30,0-30,0-30,0-30,0-30,0,1,1,60,0,1,3,6,350,356,23,1.5,8188,534,0,0,0,0,1,0,0,,0,168,249,417,100,21,31,52,1,33,44,77,1,23,22,45,1,33,31,64,1,32,54,86,1,37,56,93,1,76,6,6,99.01000214,99.11000061,99.05999756,100,100,100,0.99000001,0.889999986,0.939999998,0,0,0,70,0,0,0,1,6,0.021978907
15,CI132,Tonkpi,42,CI3203,Man,GODEGOUIN,MAN002,653,366,287,183,183,142,145,53,46,134,30,25,24,23,67,16,12,29,23,66,14,13,0,0,0,20,30,50,0,0,0,0,0,0,0,0,0,70-100,0,0,0,2,0,0,0,1,0,0,0,4,0,4,0,0,0,3,0,3,0,4,0,0,0,0,0,0,0,0,0,0,0,0,0,0,0,0,0,0,81-100,81-100,No school,0-30,0-30,Primary 1-3,61-80,61-80,0-30,61-80,61-80,61-80,61-80,0,0,0,1,1,1,1.5,10,70,80,12,0.75,960,60,0,0,0,0,1,0,1,1500,0,,,0,,,,,,,,,,,,,,,,,,,,,,,,,,,0,0,,,,,,0,,,,,,,,0,,0,0,0,0.188591167
15,CI132,Tonkpi,42,CI3203,Man,MELAGOUINE,MAN003,1513,738,775,369,369,390,385,163,109,350,94,60,81,62,172,40,35,82,47,178,53,25,0,0,0,99,119,218,0,0,0,0,0,0,0,0,0,0-40,0,0,0,1.5,1,1,6,0,0,0,0,13,0,13,0,0,0,42,0,2,0,2,1,1,1,1,0,0,0,0,0,0,0,22,22,0,0,1,1,0,0-30,0-30,Primary 4-6,0-30,31-60,Junior High School,61-80,61-80,81-100,0-30,61-80,0-30,61-80,1,1,0,20,1,1,3,1,120,121,23,1.5,2783,182,1,3,25,28,1,0,1,1000,0,99,119,218,0,24,30,54,1,30,35,65,1,18,22,40,1,12,14,26,1,8,10,18,1,7,8,15,1,14,6,6,85,85,85,85,85,85,0.400000006,0.300000012,0.349999994,0,0,0,36,0,0,1,1,6,0.046520017
22,CI19,Iffou,70,CI1902,M'bahiakro,DESIDOUGOU,MBK001,789,419,370,200,219,186,184,87,56,160,38,29,42,31,81,17,15,45,25,79,21,14,0,0,0,34,42,76,25,36,61,20,15,35,0,0,0,41-69,0,0,0,7,1,1,2,0,0,0,0,50,0,50,0,0,0,50,0,7,0,7,0,0,0,0,0,0,0,0,0,0,0,6,5,1,0,1,1,0,0-30,0-30,No school,0-30,81-100,No school,0-30,0-30,81-100,31-60,0-30,0-30,0-30,0,0,1,180,0,1,1,0,40,40,8,0.5,320,20,0,0,0,0,1,0,1,1000,0,34,42,76,0,19,19,38,1,15,23,38,1,0,0,0,0,0,0,0,0,0,0,0,0,0,0,0,0,0,3,2,100,100,100,0,0,0,0,0,0,0,0,0,25,0,0,0,0,2,0.019048195
23,CI25,Moronou,71,CI2503,M'batto,APPIAKRO,MBT001,2447,1396,1051,686,710,528,523,178,237,386,121,129,88,125,201,54,60,90,112,184,68,69,0,0,0,137,191,328,85,110,195,0,0,0,0,0,0,41-69,0,0,0,3,1,1,6,0,0,0,0,3,0,3,0,0,0,27,0,3,0,3,1,1,0,0,0,1,1,0,2,2,1,6,5,1,0,1,0,0,31-60,61-80,Junior High School,31-60,31-60,Junior High School,31-60,31-60,81-100,61-80,0-30,31-60,31-60,0,0,1,20,0,1,3.5,5,250,255,27,1.75,6885,446,0,0,0,0,1,0,0,,0,137,191,328,20,22,36,58,1,25,36,61,1,22,31,53,1,25,29,54,1,23,31,54,1,20,28,48,1,26,6,6,88,88.87999725,88.44000244,75,50,62.5,0,0,0,0,0,0,55,0,0,0,0,6,0.178248227
23,CI25,Moronou,71,CI2503,M'batto,ASSOUMOUKRO,MBT002,2399,1243,1156,613,630,556,600,227,191,545,101,93,102,102,266,41,45,125,89,278,60,48,31,45,76,217,246,463,46,50,96,30,50,80,0,0,0,41-69,1,1,1,0,1,2,9,0,0,0,0,0.5,0,0.5,0,0,0,0.5,0,1,0,1,0,0,0,1,0,1,0,0,0,0,0,6,5,1,0,1,1,1,0-30,0-30,Junior High School,61-80,0-30,Vocational/technical,61-80,0-30,81-100,61-80,31-60,61-80,61-80,1,1,1,120,1,1,0.5,50,200,250,4,0.25,1000,63,0,0,0,0,1,0,0,,1,217,246,463,11,45,43,88,2,46,53,99,2,42,50,92,2,22,40,62,1,41,20,61,1,21,40,61,1,35,11,9,91,90,90.5,49.5,50,49.75,5,5,5,0.5,0,0.25,47.5,0,1,0,1,9,0.370018363
5,CI26,Nawa,10,CI2603,Méagui,N'DRIAGUI,MEA029,2006,1073,934,507,566,475,459,193,152,443,74,71,92,84,229,30,40,101,68,215,44,31,0,0,0,136,152,288,0,0,0,0,0,0,0,0,0,0-40,0,0,0,20,1,1,6,0,0,0,0,20,0,20,0,0,0,20,0,5,0,20,0,1,0,1,1,0,0,0,0,0,0,15,12,3,1,0,0,1,0-30,0-30,No school,0-30,61-80,Primary 1-3,0-30,61-80,61-80,81-100,0-30,61-80,0-30,0,0,1,60,0,0,5,8,100,108,38,2.5,4104,270,1,8,65,73,1,0,1,2000,0,136,152,288,6,28,26,54,1,26,30,56,1,29,27,56,1,25,28,53,1,10,21,31,1,18,20,38,1,32,6,6,96,96,96,99,98,98.5,0,0,0,0,5.300000191,2.650000095,48,1,0,0,1,6,0.095310181
10,CI13,Goh,30,CI1302,Oumé,GBOMENEDA,OUM003,1054,601,452,295,306,239,213,99,55,207,44,47,49,33,107,24,26,50,22,100,20,21,0,0,0,71,105,176,0,0,0,0,0,0,0,0,0,0-40,0,0,0,12,1,1,6,0,0,0,0,5,0,5,0,0,0,12,0,1,0,5,0,0,0,0,0,0,0,0,0,0,0,5,5,0,0,0,0,0,61-80,61-80,Primary 1-3,31-60,31-60,Junior High School,61-80,31-60,61-80,31-60,31-60,0-30,0-30,1,1,1,5,0,1,2.5,4,150,154,19,1.25,2926,193,1,4,0,4,1,0,0,,0,71,105,176,22,11,14,25,1,19,30,49,1,6,23,29,1,14,12,26,1,10,15,25,1,11,11,22,1,19,6,6,91,92.86000061,91.93000031,100,100,100,9,7.139999866,8.069999695,0,0,0,29,0,0,0,0,6,0.450416476
10,CI13,Goh,30,CI1302,Oumé,TONLA-village,OUM004,3745,2173,1571,1086,1087,767,804,330,264,599,181,199,150,133,307,76,101,180,131,291,105,97,0,0,0,201,206,407,110,205,315,25,65,90,0,0,0,70-100,0,0,0,18,1,1,6,0,1,1,10,0,0,30,0,0,0,30,1,0,0,15,1,1,0,0,0,0,0,0,0,0,0,5,4,1,1,1,0,0,81-100,81-100,Primary 4-6,31-60,31-60,Junior High School,61-80,31-60,81-100,31-60,31-60,0-30,0-30,0,1,1,10,0,1,2.5,50,600,650,19,1.25,12350,813,1,0,8,8,1,0,0,,0,201,206,407,135,35,28,63,1,31,35,66,1,34,37,71,1,29,27,56,1,39,38,77,1,33,41,74,1,40,6,6,80,66,73,95,98,96.5,2.849999905,0,1.429999948,3.029999971,2.430000067,2.730000019,68,0,0,0,1,6,0.598656297
22,CI19,Iffou,72,CI1903,Prikro,KOFFI-SEGBREGBEKRO,PRI001,793,385,407,194,191,199,208,70,88,171,48,31,34,45,83,22,15,36,43,88,26,15,0,0,0,68,97,165,19,25,44,15,18,33,0,0,0,70-100,0,0,0,21,1,1,6,0,0,0,0,45,0,45,0,0,0,45,0,21,0,45,0,0,0,0,0,0,0,0,0,0,0,9,8,1,1,0,0,0,0-30,0-30,No school,0-30,81-100,No school,0-30,81-100,81-100,31-60,0-30,0-30,0-30,0,0,1,120,0,1,2,4,60,64,15,1,960,64,0,0,0,0,1,0,0,,0,68,97,165,10,10,20,30,1,20,35,55,1,12,10,22,1,7,8,15,1,8,8,16,1,17,10,27,1,14,6,6,96,96,96,100,100,100,5,5,5,0,0,0,28,1,0,1,1,6,0.077961542
22,CI19,Iffou,72,CI1903,Prikro,LENDEKRO,PRI002,1716,886,829,422,464,411,418,172,158,317,113,70,84,86,155,50,36,88,72,161,63,34,0,0,0,98,102,200,30,50,80,20,30,50,0,0,0,0-40,0,0,0,18,1,1,6,0,0,0,0,18,0,18,0,0,0,78,0,3,0,18,0,1,1,1,0,0,0,0,0,0,1,7,5,2,0,1,1,0,31-60,61-80,No school,0-30,81-100,Primary 4-6,31-60,31-60,81-100,31-60,61-80,0-30,0-30,0,0,1,180,0,0,0.5,0,30,30,4,0.25,120,8,0,0,0,0,0,0,0,,0,98,102,200,0,27,21,48,1,20,20,40,1,17,18,35,1,9,16,25,1,11,10,21,1,14,17,31,1,26,6,6,99,99,99,99,99,99,2,2,2,0,0,0,33,0,0,0,0,6,0.099372476
4,CI29,San Pédro,11,CI2901,San Pédro,DOTOU,SPE058,1875,983,892,459,524,433,459,224,141,380,82,64,104,77,190,33,29,121,64,190,49,35,0,0,0,128,157,285,81,75,156,79,83,162,19,31,50,41-69,0,0,0,18,1,2,11,0,0,0,0,13,0,18,0,0,0,42,0,2,0,18,0,1,0,0,1,1,1,0,0,0,1,12,9,3,1,1,1,1,31-60,31-60,Primary 4-6,31-60,31-60,University,61-80,0-30,61-80,31-60,31-60,0-30,0-30,1,1,0,60,2,0,2,17,250,267,15,1,4005,267,1,17,43,60,1,1,1,1500,0,128,157,285,6,26,37,63,2,34,25,59,1,17,24,41,2,28,25,53,2,9,21,30,2,14,25,39,2,35,11,11,97.5,97.91500092,97.70999908,100,95,97.5,0.5,2.085000038,1.294999957,0,0.5,0.25,25,1,0,1,0,11,0.133531392
4,CI29,San Pédro,11,CI2901,San Pédro,GABIADJI-village,SPE059,1983,1131,852,556,575,427,425,133,117,403,98,101,66,60,204,48,49,67,56,200,50,52,0,0,0,170,159,329,0,0,0,0,0,0,0,0,0,70-100,0,0,0,1,1,1,6,0,1,2,4,0,0,1,0,0,0,29,1,0,0,29,1,1,1,1,1,1,1,0,0,0,0,10,8,2,1,0,0,0,31-60,31-60,Junior High School,31-60,31-60,University,61-80,0-30,81-100,0-30,61-80,0-30,0-30,0,1,1,10,0,0,2,50,300,350,15,1,5250,350,1,34,247,281,1,1,1,1500,0,170,159,329,0,50,48,98,1,27,31,58,1,26,22,48,1,23,24,47,1,27,19,46,1,17,15,32,1,31,6,6,95.94999695,96.69999695,96.69999695,100,100,100,2.359999895,1.559999943,1.960000038,0,0,0,55,0,0,0,0,6,0.044951387
4,CI29,San Pédro,11,CI2901,San Pédro,KAKO 2,SPE060,1461,782,678,373,409,347,331,84,165,328,50,51,40,89,163,30,25,44,76,165,20,26,0,0,0,129,113,242,0,0,0,0,0,0,0,0,0,0-40,0,0,0,26,1,1,7,0,0,0,0,27,0,27,0,0,0,65,1,0,0,6,1,1,1,1,0,0,0,0,0,0,0,8,7,1,0,1,0,0,0-30,0-30,Junior High School,61-80,0-30,Senior High School,61-80,0-30,61-80,81-100,61-80,0-30,0-30,0,1,1,30,0,0,0.5,0,200,200,4,0.25,800,50,0,0,0,0,0,0,0,,0,134,121,255,174,35,24,59,2,20,24,44,1,18,18,36,1,20,9,29,1,30,29,59,1,11,17,28,1,28,7,7,97.13999939,100,98.56999969,100,100,100,2.849999905,0,1.429999948,0,0,0,36,1,0,0,1,7,0.03571808
4,CI29,San Pédro,11,CI2901,San Pédro,OUELEKE,SPE061,1423,760,661,396,364,341,320,123,120,301,52,65,59,64,154,30,34,65,55,147,22,31,0,0,0,116,140,256,99,99,198,99,99,198,99,99,198,41-69,0,0,0,42,1,1,7,0,0,0,0,42,0,42,0,0,0,84,0,8,0,8,1,1,1,1,0,1,0,0,0,0,0,0,0,0,0,0,0,1,0-30,31-60,Primary 4-6,31-60,0-30,University,61-80,0-30,61-80,0-30,61-80,0-30,0-30,0,1,0,60,1,0,2,0,80,80,15,1,1200,80,1,0,83,83,1,1,1,2000,1,116,140,256,180,45,38,83,2,19,22,41,1,12,27,39,1,19,27,46,1,11,8,19,1,10,18,28,1,11,6,7,84.44000244,89.47000122,86.5,70,83.33000183,76.66000366,15,11,13,30,16.65999985,23.32999992,43,0,0,0,1,7,0.024097551
4,CI29,San Pédro,11,CI2901,San Pédro,TEKOULEBO,SPE062,641,343,298,163,180,145,153,88,43,117,25,26,43,22,56,10,14,45,21,60,14,13,0,0,0,6,10,16,0,0,0,0,0,0,0,0,0,41-69,0,0,0,42,0,0,0,3,0,0,0,42,0,42,0,0,0,75,0,3,0,23,0,1,0,0,0,0,0,0,0,0,0,4,3,1,0,1,1,0,0-30,0-30,Primary 1-3,0-30,61-80,Junior High School,61-80,0-30,61-80,61-80,81-100,0-30,0-30,0,0,1,30,0,0,0.5,0,10,10,4,0.25,40,3,0,0,0,0,0,0,0,,0,,,0,,,,,,,,,,,,,,,,,,,,,,,,,,,0,0,,,,,,0,,,,,,,,0,,0,0,0,0.112477981
19,CI14,Gontougo,73,CI1403,Sandégué,KONDORODOUGOU,SAN001,1389,742,646,353,389,317,329,180,113,237,67,51,88,61,115,31,22,92,51,121,36,29,0,0,0,65,77,142,0,0,0,0,0,0,0,0,0,0-40,0,0,0,150,1,1,3,0,0,0,0,45,0,150,0,0,0,150,1,0,0,25,0,0,0,0,1,1,0,0,0,0,0,64,63,1,0,0,0,0,0-30,31-60,Primary 4-6,0-30,61-80,Junior High School,31-60,31-60,81-100,61-80,0-30,0-30,0-30,0,0,1,5,0,1,1,1,50,51,8,0.5,408,26,0,0,0,0,1,0,1,1000,1,65,77,142,0,24,22,46,1,0,0,0,0,13,21,34,1,17,22,39,1,5,6,11,0,6,6,12,0,12,3,3,94.54000092,94,94.26999664,97.20999908,97.11000061,97.16000366,0,0,0,0,0,0,47,0,1,0,0,3,0.265281111
18,CI12,Gbôkle,74,CI1202,Sassandra,KADROKPA 2,SAS001,6351,3137,3212,1530,1607,1607,1605,652,791,1232,206,333,304,410,616,111,166,347,381,616,95,166,0,0,0,402,522,924,0,0,0,0,0,0,0,0,0,70-100,0,0,0,10,1,2,16,0,0,0,0,25,0,25,0,0,0,97,1,0,0,5,0,0,0,0,0,1,0,0,2,2,0,13,12,1,1,0,0,0,0-30,0-30,Primary 1-3,31-60,31-60,No school,0-30,81-100,31-60,0-30,31-60,0-30,0-30,0,1,1,10,0.5,1,5,0,650,650,38,2.5,24700,1625,1,0,20,20,1,0,1,1500,1,398,518,916,304,87,129,216,5,79,71,150,2,67,81,148,3,67,75,142,2,61,79,140,2,35,81,116,2,110,16,16,99.11500549,99.23000336,99.17500305,98.25999451,98.25999451,98.26000214,3,0,1.5,0.5,0.5,0.5,57.5,1,0,0,0,16,0
18,CI12,Gbôkle,74,CI1202,Sassandra,LOHIRI-NEYAU,SAS002,679,379,298,189,190,146,152,75,43,133,24,25,36,24,63,11,12,38,19,70,12,13,0,0,0,23,45,68,3,3,6,0,2,2,0,0,0,41-69,0,0,0,20,1,1,3,0,0,0,0,20,0,20,0,0,0,20,0,6,0,6,0,0,1,1,1,1,0,0,10,10,0,3,2,1,0,1,1,0,31-60,31-60,Primary 4-6,0-30,81-100,No school,61-80,0-30,61-80,31-60,61-80,31-60,31-60,1,1,1,5,0,1,2,5,80,85,15,1,1275,85,1,0,21,21,0,0,1,2000,1,23,45,68,0,11,20,31,1,4,4,8,0,8,15,23,1,0,2,2,0,0,4,4,1,0,0,0,0,0,3,3,100,100,100,0,0,0,0,0.5,0.25,0,0,0,23,0,0,0,0,3,0
12,CI23,Marahoué,31,CI2302,Sinfra,KOUMOUDJI,SNF001,3339,1837,1500,935,902,766,734,344,270,593,137,157,171,140,292,78,85,172,130,301,59,72,13,17,30,225,279,504,0,0,0,0,0,0,0,0,0,70-100,1,1,2,0,1,2,12,0,0,0,0,3,0,3,0,0,0,30,0,1.399999976,0,30,1,1,0,0,0,0,0,0,0,0,0,0,0,0,0,0,0,0,0-30,0-30,Primary 4-6,0-30,61-80,Senior High School,61-80,0-30,81-100,81-100,81-100,0-30,0-30,0,1,1,10,0,1,3,10,500,510,23,1.5,11730,765,0,0,0,0,0,0,1,1000,1,225,279,504,0,44,73,117,2,48,44,92,2,51,54,105,2,35,45,80,2,32,18,50,2,26,34,60,2,56,12,12,95.25999451,96.81999969,96.04000092,98.06500244,97.93000031,98,0.045000002,5.920000076,2.985000134,0,0,0,42.5,0,1,1,0,12,0.095310181
12,CI23,Marahoué,31,CI2302,Sinfra,KATIENOU,SNF008,2374,1354,1020,665,689,501,519,250,150,418,95,107,117,81,199,45,59,133,69,218,51,48,0,0,0,157,150,302,0,0,0,0,0,0,0,0,0,70-100,0,0,0,7,1,1,6,0,0,0,0,7,0,14,0,0,0,15,1,0,0,7,0,0,0,0,1,1,1,0,0,0,1,39,34,5,0,0,0,0,0-30,0-30,Primary 1-3,0-30,81-100,Senior High School,31-60,31-60,61-80,61-80,61-80,31-60,31-60,0,0,1,60,0,0,3,9,330,339,23,1.5,7797,509,1,10,45,55,1,0,0,,0,152,150,302,35,35,30,65,1,26,40,66,1,19,31,50,1,30,20,50,1,20,15,35,1,22,14,36,1,35,6,6,90,96,93,100,100,100,10,4,7,0,0,0,50,0,0,1,1,6,0.121889815
15,CI132,Tonkpi,75,CI3204,Sipilou,GANGBAPLEU,SIP001,1881,1054,827,527,527,432,395,287,109,290,69,71,135,63,154,40,40,152,46,137,29,31,0,0,0,73,108,181,5,10,15,2,3,5,0,2,2,70-100,0,0,0,3,1,1,3,0,0,0,0,35,0,35,0,0,0,71,0,3,0,71,0,1,1,0,0,0,0,0,0,0,0,17,16,1,1,1,1,0,0-30,0-30,Primary 1-3,31-60,0-30,No school,81-100,0-30,61-80,81-100,61-80,0-30,0-30,0,0,0,40,1,1,1,3,150,153,8,0.5,1224,77,0,0,0,0,0,1,1,1250,0,73,108,181,0,26,25,51,1,21,24,45,0,7,18,25,1,7,13,20,0,8,12,20,1,4,16,20,0,12,3,3,60,80,70,72,80,76,3,2,2.5,1,2,1.5,60,0,0,0,0,3,0.130620182
5,CI26,Nawa,12,CI2604,Soubré,BRICOLO,SOU006,1444,710,733,355,355,363,370,146,156,304,67,61,70,78,147,36,32,76,78,156,31,29,0,0,0,125,133,258,0,0,0,0,0,0,0,0,0,0-40,0,0,0,18,1,1,6,0,0,0,0,5,0,18,0,0,0,18,1,0,0,18,1,1,1,0,0,0,0,0,0,0,0,6,5,1,0,1,1,0,0-30,0-30,Junior High School,61-80,0-30,University,61-80,0-30,81-100,61-80,31-60,31-60,31-60,1,1,1,5,0,1,5,5,200,205,38,2.5,7790,513,0,0,0,0,1,1,1,2000,0,125,133,258,4,28,23,51,1,17,26,43,1,21,23,44,1,16,13,29,1,25,18,43,1,18,30,48,1,48,7,6,98,98,98,98,98,98,1,1,1,1,1,1,37,1,0,0,1,6,0.058268908
5,CI26,Nawa,12,CI2604,Soubré,KOPERAGUI,SOU007,2259,1187,1072,574,613,538,534,259,186,458,74,94,121,94,228,48,47,138,93,230,26,47,0,0,0,186,203,389,0,0,0,0,0,0,0,0,0,70-100,0,0,0,18,1,2,12,0,0,0,0,5,0,18,0,0,0,18,1,0,1,0,1,1,1,1,0,1,0,0,0,0,0,6,5,1,0,1,0,0,0-30,0-30,Junior High School,31-60,31-60,University,61-80,0-30,61-80,61-80,61-80,0-30,0-30,1,1,1,5,0,1,2,5,350,355,15,1,5325,355,1,0,40,40,1,1,1,2000,0,186,203,389,28,47,43,90,2,33,41,74,2,30,37,67,2,32,35,67,2,12,32,44,2,14,33,47,2,30,9,12,96.26499939,96.15000153,96.20999908,96.22000122,94.71499634,95.47000122,0.800000012,0.810000002,0.805000007,0,0,0,45,1,0,0,1,12,0.025975486
7,CI03,Agnéby-Tiassa,19,CI0303,Taabo,TOKOHIRI,TAA005,4123,2298,1825,1143,1155,918,907,458,352,651,186,178,225,191,320,88,94,233,161,331,98,84,13,16,29,266,287,553,11,13,24,1,2,3,0,1,1,0-40,1,1,2,0,1,1,15,0,0,0,0,7,0,18,0,0,0,18,1,0,0,7,1,1,1,1,0,1,1,0,2,2,1,9,8,1,0,1,1,0,0-30,31-60,Primary 4-6,0-30,81-100,Junior High School,61-80,0-30,81-100,61-80,61-80,31-60,31-60,0,0,1,10,0,1,3,25,400,425,23,1.5,9775,638,1,25,150,175,1,0,0,,1,266,287,553,0,71,65,136,3,61,62,123,3,32,34,66,2,40,54,94,2,26,30,56,2,37,41,78,2,62,15,14,93.65000153,95.19000244,94.41999817,96.31999969,86.73999786,91.52999878,7.010000229,9.409999847,8.210000038,3.799999952,0.639999986,2.220000029,37,0,1,0,1,14,0.547295272
4,CI29,San Pédro,86,CI2902,Tabou,BEOUE,TAB001,2629,1452,1177,737,715,594,583,231,256,412,153,125,114,140,200,73,67,117,116,212,80,58,0,0,0,125,148,273,0,0,0,0,0,0,0,0,0,0-40,0,0,0,22,1,1,8,0,0,0,0,70,0,140,0,0,0,226,0,4,0,140,0,0,1,0,0,0,0,0,0,0,0,12,11,1,0,0,1,0,0-30,0-30,No school,0-30,0-30,Junior High School,31-60,0-30,81-100,31-60,31-60,0-30,31-60,0,1,1,10,0,1,5,0,350,350,38,2.5,13300,875,1,0,40,40,1,0,0,,1,125,148,273,10,35,41,76,2,21,29,50,2,30,26,56,1,14,23,37,1,14,20,34,1,11,9,20,1,15,8,8,97,90,93.5,91,100,95.5,3,10,6.5,9,0,4.5,34,1,0,0,1,8,0.054067221
4,CI29,San Pédro,86,CI2902,Tabou,GNAKANEPO,TAB002,902,515,387,253,262,200,187,60,84,169,36,39,28,42,88,20,22,31,41,82,16,17,0,0,0,99,71,170,0,0,0,0,0,0,0,0,0,70-100,0,0,0,22,0,0,0,2,0,0,0,22,0,22,0,0,0,136,0,2,0,22,0,0,0,1,1,0,0,0,0,0,0,25,21,4,0,0,0,0,0-30,0-30,Primary 1-3,0-30,61-80,Junior High School,61-80,0-30,61-80,61-80,0-30,31-60,31-60,0,0,0,30,1,1,2,0,120,120,15,1,1800,120,1,4,16,20,1,0,1,1500,0,,,0,,,,,,,,,,,,,,,,,,,,,,,,,,,0,0,,,,,,0,,,,,,,,0,,0,0,0,0.172842816
4,CI29,San Pédro,86,CI2902,Tabou,OUEDJIRE,TAB003,2255,1227,1029,595,632,528,501,256,128,424,101,119,121,74,218,59,56,135,54,206,42,64,0,0,0,140,220,360,0,0,0,0,0,0,0,0,0,70-100,0,0,0,22,1,1,6,0,0,0,0,22,0,22,0,0,0,90,0,7,0,22,0,0,0,1,0,0,1,0,6,6,1,6,6,0,0,0,0,0,0-30,0-30,No school,0-30,61-80,Junior High School,61-80,0-30,61-80,31-60,0-30,0-30,0-30,1,1,0,20,1,1,4,10,100,110,31,2,3410,220,1,0,0,0,1,0,1,2000,0,140,220,360,70,30,42,72,1,30,29,59,1,26,32,58,1,22,39,61,1,28,29,57,1,26,27,53,1,35,6,6,93,95,94,97,99,98,2.769999981,1.389999986,2.079999924,0,5.449999809,2.730000019,60,0,0,0,1,6,0.591364503
4,CI29,San Pédro,86,CI2902,Tabou,TATOU,TAB004,618,324,292,157,167,149,143,68,51,122,19,34,33,25,63,9,19,35,25,58,10,15,0,0,0,35,48,83,0,0,0,0,0,0,0,0,0,0-40,0,0,0,4,0,0,0,4,0,0,0,33,0,33,0,0,0,126,0,18,0,33,0,0,0,0,0,0,0,0,0,0,0,12,11,1,0,0,0,0,0-30,0-30,No school,0-30,81-100,Junior High School,61-80,0-30,61-80,31-60,31-60,0-30,0-30,0,0,1,60,0,1,4,16,100,116,31,2,3596,232,0,0,0,0,1,1,0,,1,,,0,,,,,,,,,,,,,,,,,,,,,,,,,,,0,0,,,,,,0,,,,,,,,0,,0,0,0,0.475423694
17,CI08,Cavally,33,CI0903,Taï,ZAGNE-village,TAI002,4151,2150,2001,1019,1131,1019,982,427,419,819,161,175,212,220,408,88,91,215,199,411,73,84,25,25,50,299,315,614,3500,4500,8000,0,0,0,0,0,0,70-100,0,0,0,1,1,2,12,0,1,2,8,0,0,1,0,0,0,45,1,0,1,0,1,1,0,0,1,0,1,7,23,30,1,23,12,11,1,1,1,0,0-30,0-30,Primary 4-6,31-60,31-60,Senior High School,81-100,0-30,81-100,81-100,61-80,0-30,0-30,0,1,1,2,0,1,2.5,35,800,835,19,1.25,15865,1044,1,3,579,582,1,0,1,1500,0,299,315,614,0,65,50,115,2,43,75,118,2,55,67,122,2,48,54,102,2,50,38,88,2,38,31,69,2,69,12,12,95.75500488,96.30000305,96.02999878,96.80000305,97.79499817,97.30000305,1.745000005,3.49000001,2.619999886,0,0,0,51,1,1,0,1,12,0.042559616
19,CI14,Gontougo,76,CI1404,Tanda,KOUATOUTOU,TAN001,1170,668,502,328,340,243,259,82,58,251,50,62,41,29,123,21,29,41,28,128,29,33,0,0,0,111,103,213,0,0,0,0,0,0,0,0,0,41-69,0,0,0,4,1,1,6,0,0,0,0,10,0,10,0,0,0,10,0,3,0,3,0,0,0,0,0,0,1,3,17,20,1,20,10,10,0,0,1,0,31-60,31-60,Primary 1-3,0-30,81-100,Primary 1-3,61-80,61-80,61-80,81-100,31-60,61-80,61-80,0,1,1,5,0.5,1,3,10,130,140,23,1.5,3220,210,1,0,0,0,0,0,0,,1,110,103,213,6,23,20,43,1,21,17,38,1,18,17,35,1,18,16,34,1,16,15,31,1,14,18,32,1,18,6,6,99.13999939,95.80000305,97.47000122,92.69999695,98.44000244,95.56999969,0,0,0,0,0,0,36,0,0,0,1,6,0.283575296
19,CI14,Gontougo,76,CI1404,Tanda,YAOBOUO,TAN002,607,313,293,154,159,146,147,63,57,94,47,33,29,30,47,21,19,33,27,47,26,14,0,0,0,33,47,80,0,0,0,0,0,0,0,0,0,70-100,0,0,0,5,1,1,3,0,0,0,0,15,0,15,0,0,0,15,0,4,0,4,0,0,0,1,1,1,0,0,0,0,0,18,18,0,0,0,0,0,0-30,0-30,Primary 1-3,0-30,61-80,Primary 4-6,31-60,31-60,81-100,81-100,61-80,0-30,0-30,0,1,1,5,0,1,2,1,10,11,15,1,165,11,1,0,12,12,0,0,0,,1,33,47,80,0,15,18,33,1,0,0,0,0,14,10,24,1,0,0,0,0,8,15,23,1,0,0,0,0,0,3,3,98.63999939,99.01999664,98.83000183,0,0,0,0.140000001,0,0.07,0,0,0,27,1,1,0,0,3,0.33024168
14,CI30,Sud Comoé,77,CI3004,Tiapoum,KODJOKRO,TIP001,818,426,392,209,217,196,196,85,96,138,40,33,41,51,69,18,17,43,45,70,22,16,11,8,19,47,55,102,0,0,0,0,0,0,0,0,0,0-40,1,1,1,0,1,1,3,0,0,0,0,17,0,17,0,0,0,17,0,6,0,17,1,1,0,0,0,0,0,0,0,0,0,4,3,1,0,1,1,0,0-30,0-30,Primary 4-6,0-30,31-60,Junior High School,61-80,0-30,81-100,0-30,61-80,0-30,0-30,0,1,1,15,0,1,1,2,50,52,8,0.5,416,26,1,1,5,6,1,0,1,2000,1,47,55,102,4,9,13,22,1,9,9,18,0,5,6,11,1,7,11,18,0,9,8,17,1,8,8,16,0,14,3,3,85.08999634,86.81999969,85.95999908,96.88999939,96.02999878,96.45999908,0,9.090000153,4.550000191,0,0,0,34,1,1,0,0,3,0.066691376
7,CI03,Agnéby-Tiassa,14,CI0304,Tiassalé,BATERA,TSL002,1914,1036,880,519,517,441,439,184,137,374,98,84,89,78,183,46,45,96,59,192,52,40,0,0,0,141,178,319,0,0,0,0,0,0,0,0,0,41-69,0,0,0,1,1,1,6,0,0,0,0,5,0,5,0,0,0,12,1,0,0,5,0,0,0,0,0,0,0,0,0,0,0,4,3,1,0,0,0,0,0-30,0-30,Primary 4-6,0-30,61-80,Junior High School,61-80,0-30,81-100,81-100,31-60,0-30,0-30,0,0,1,20,0,0,2,10,220,230,15,1,3450,230,1,0,7,7,1,0,1,1500,0,141,178,319,0,21,35,56,1,23,34,57,1,24,30,54,1,28,33,61,1,32,25,57,1,13,21,34,1,33,6,6,99,98,98.5,100,100,100,0,0,0,0,0,0,53,0,0,0,0,6,0.191891015
7,CI03,Agnéby-Tiassa,14,CI0304,Tiassalé,ELOSSO,TSL005,2555,1432,1123,716,716,561,562,248,238,375,169,93,123,123,193,77,45,124,115,183,92,48,0,0,0,141,178,319,34,42,76,19,21,40,0,3,3,41-69,0,0,0,22,1,1,6,0,0,0,0,15,0,15,0,0,0,27,0,9,0,9,1,1,0,0,0,0,0,0,0,0,0,4,3,1,0,0,0,0,0-30,0-30,Primary 1-3,0-30,61-80,Primary 4-6,61-80,0-30,81-100,81-100,61-80,0-30,0-30,0,1,1,20,0,1,5,14,300,314,38,2.5,11932,785,0,0,0,0,1,1,1,2000,0,141,178,319,0,21,35,56,1,23,34,57,1,24,30,54,1,28,33,61,1,32,25,57,1,13,21,34,1,33,6,6,96,96,96,99,99,99,1,1,1,0,0,0,53,0,0,0,0,6,0.136132166
8,CI06,Belier,78,CI0603,Tiébissou,DJAHAKRO,TIE001,1117,559,557,274,285,276,281,147,94,225,47,44,68,48,118,19,23,79,46,107,28,21,0,0,0,17,18,35,0,0,0,0,0,0,0,0,0,41-69,0,0,0,45,1,1,1,0,0,0,0,16,0,20,0,0,0,70,0,13,0,20,0,0,0,0,0,0,0,0,0,0,0,3,2,1,0,0,0,0,0-30,0-30,No school,0-30,81-100,No school,0-30,81-100,61-80,61-80,31-60,0-30,0-30,0,0,1,5,0,1,0.5,10,50,60,4,0.25,240,15,1,0,0,0,1,0,0,,0,17,18,35,0,17,18,35,1,0,0,0,0,0,0,0,0,0,0,0,0,0,0,0,0,0,0,0,0,0,1,1,100,100,100,0,0,0,0,0,0,0,0,0,35,1,0,0,0,1,0.609377325
8,CI06,Belier,78,CI0603,Tiébissou,KAHANKRO,TIE002,2413,1376,1037,676,700,524,513,205,133,488,102,108,99,70,243,52,60,106,63,245,50,49,18,17,35,205,210,415,0,0,0,0,0,0,0,0,0,41-69,1,1,3,0,1,2,12,0,0,0,0,5,0,5,0,0,0,5,1,0,0,5,1,1,0,1,0,1,1,0,1,1,1,4,2,2,0,1,1,0,31-60,31-60,Primary 1-3,0-30,61-80,Senior High School,31-60,31-60,61-80,61-80,61-80,31-60,31-60,0,1,1,3,0,1,5,10,160,170,38,2.5,6460,425,1,12,3,15,1,0,1,2000,1,205,210,415,0,44,31,75,2,45,36,81,2,37,39,76,2,36,29,65,2,31,31,62,2,26,30,56,2,45,12,12,83,84.5,83.75,90,100,95,0.5,0.5,0.5,0,0,0,34.5,0,0,0,1,12,0
8,CI06,Belier,78,CI0603,Tiébissou,TOLLABONOU,TIE003,1366,706,660,348,358,324,336,115,130,284,62,70,52,70,137,29,36,63,60,146,33,34,0,0,0,120,121,241,0,0,0,0,0,0,0,0,0,0-40,0,0,0,24,0,0,0,1,0,0,0,24,0,24,0,0,0,25,0,5,0,24,1,1,0,1,0,0,0,0,0,0,0,0,0,0,0,1,0,0,0-30,0-30,No school,0-30,81-100,Primary 1-3,0-30,61-80,0-30,31-60,31-60,0-30,0-30,0,0,1,5,0,1,1,1,5,6,8,0.5,48,3,0,0,0,0,0,0,0,,0,,,0,,,,,,,,,,,,,,,,,,,,,,,,,,,0,0,,,,,,0,,,,,,,,0,,0,0,0,0.566853464
17,CI08,Cavally,79,CI0904,Toulepleu,POYABLI,TLP001,1084,554,530,277,277,268,262,113,81,221,61,53,52,41,115,29,31,61,40,106,33,22,0,0,0,55,81,136,7,22,29,0,0,0,0,0,0,41-69,0,0,0,15,1,1,5,0,0,0,0,15,0,15,0,0,0,15,0,15,0,15,1,1,1,1,0,0,0,0,0,0,1,48,36,12,0,1,0,0,0-30,0-30,Primary 4-6,31-60,31-60,Primary 4-6,61-80,31-60,61-80,81-100,81-100,31-60,31-60,0,0,1,20,0,1,1,5,50,55,8,0.5,440,28,1,5,40,45,1,0,0,,0,55,81,136,15,10,15,25,1,15,11,26,1,12,13,25,0,8,15,23,1,8,12,20,1,2,15,17,1,12,5,5,78.76000214,93.77999878,86.26999664,92.48000336,91.54000092,92.01000214,0,0,0,0,13.32999992,6.670000076,27,1,0,0,1,5,0.624154329
8,CI06,Belier,40,CI0604,Toumodi,COMEKRO,TOU002,723,387,336,183,204,166,170,65,65,150,30,25,32,35,72,14,13,33,30,78,16,13,0,0,0,16,12,28,0,0,0,0,0,0,0,0,0,0-40,0,0,0,20,1,1,1,0,0,0,0,20,0,20,0,0,0,20,0,3,0,20,1,1,0,1,1,0,0,0,0,0,0,10,7,3,1,1,1,0,31-60,0-30,Primary 1-3,0-30,81-100,Primary 1-3,31-60,61-80,81-100,81-100,81-100,0-30,0-30,0,0,1,45,0,1,3,0,50,50,23,1.5,1150,75,1,5,25,30,1,0,1,1500,1,16,12,28,0,16,12,28,1,0,0,0,0,0,0,0,0,0,0,0,0,0,0,0,0,0,0,0,0,0,1,1,98.05999756,98.19999695,98.12999725,0,0,0,0,0,0,0,0,0,28,0,0,0,0,1,0.055059779
8,CI06,Belier,40,CI0604,Toumodi,DJANGOMENOU,TOU003,1263,688,575,344,344,292,283,116,123,240,49,48,56,66,121,23,26,60,57,119,25,22,0,0,0,88,116,204,0,0,0,0,0,0,0,0,0,0-40,0,0,0,8,1,1,6,0,0,0,0,8,0,8,0,0,0,8,1,0,0,8,1,0,0,0,0,0,0,1,1,2,1,5,3,2,0,1,1,0,31-60,31-60,Primary 1-3,0-30,61-80,Junior High School,31-60,31-60,81-100,81-100,0-30,0-30,0-30,0,1,1,20,0,1,1.5,10,100,110,12,0.75,1320,83,1,10,125,135,1,0,1,1500,1,88,116,204,0,11,22,33,1,15,21,36,1,21,15,36,1,12,21,33,1,17,21,38,1,12,16,28,1,19,6,6,97,95.44999695,96.23000336,99,99,99,0,0,0,0,0,0,34,0,0,0,0,6,0.109698921
19,CI14,Gontougo,80,CI1405,Transua,ESSI-KOUAKOUKRO,TRA001,504,287,217,141,146,110,107,65,25,81,22,23,33,14,41,10,12,33,12,40,12,10,0,0,0,24,26,50,5,15,20,0,0,0,0,0,0,70-100,0,0,0,22,0,0,0,2,0,0,0,15,0,15,0,0,0,18,0,7,0,3,0,0,0,0,1,0,0,0,0,0,0,10,7,3,1,0,0,0,61-80,31-60,Primary 4-6,0-30,61-80,Primary 4-6,0-30,61-80,81-100,81-100,81-100,0-30,0-30,0,1,1,6,0,1,1.5,2,40,42,12,0.75,504,32,1,0,20,20,1,0,1,2000,1,,,0,,,,,,,,,,,,,,,,,,,,,,,,,,,0,0,,,,,,0,,,,,,,,0,,0,0,0,0.028170876
19,CI14,Gontougo,80,CI1405,Transua,KOUASSI-SERANOU,TRA002,1403,698,704,342,356,354,350,171,105,321,43,64,84,57,156,21,36,87,48,165,22,28,0,0,0,96,132,228,0,0,0,0,0,0,0,0,0,70-100,0,0,0,10,1,1,6,0,0,0,0,10,0,10,0,0,0,10,0,10,0,10,1,1,1,1,1,0,0,0,0,0,0,25,21,4,0,1,0,1,0-30,61-80,Primary 4-6,31-60,31-60,Primary 4-6,31-60,31-60,61-80,81-100,81-100,31-60,31-60,0,1,1,45,0,1,4,10,30,40,31,2,1240,80,0,0,0,0,1,0,1,2000,1,96,132,228,11,22,31,53,1,25,19,44,1,10,28,38,1,20,26,46,1,10,14,24,1,9,14,23,1,12,6,6,100,100,100,100,100,100,0,0,0,0,0,0,38,1,0,0,1,6,0.143100843
21,CI18,Haut-Sassandra,81,CI1803,Vavoua,GO?ZRA,VAV001,1531,804,726,389,415,356,370,154,158,296,58,61,71,80,140,36,29,82,78,156,22,32,0,0,0,93,117,210,79,108,187,0,0,0,0,0,0,70-100,0,0,0,17,1,1,6,0,0,0,0,17,0,17,0,0,0,17,0,17,0,17,0,1,0,0,0,1,1,2,4,6,1,12,9,3,1,1,0,0,0-30,0-30,No school,0-30,81-100,Junior High School,61-80,31-60,81-100,81-100,0-30,0-30,0-30,0,0,1,120,0,0,5,5,200,205,38,2.5,7790,513,1,0,4,4,0,0,0,,0,93,117,210,21,22,26,48,1,16,23,39,1,14,20,34,1,14,12,26,1,15,19,34,1,12,17,29,1,28,6,6,91.16000366,93.95999908,92.55999756,95.31999969,92.45999908,93.88999939,8.840000153,6.039999962,7.440000057,4.679999828,7.539999962,6.110000134,35,0,0,0,0,6,0.491594285
21,CI18,Haut-Sassandra,81,CI1803,Vavoua,KOULEYO,VAV002,1987,1114,874,557,557,431,443,196,89,420,86,82,95,49,201,44,42,102,40,219,42,40,0,0,0,153,157,310,35,42,77,12,19,31,1,5,6,70-100,0,0,0,40,1,1,6,0,0,0,0,4,0,40,0,0,0,40,1,0,0,4,0,0,0,0,0,0,0,0,0,0,0,15,13,2,0,1,1,0,0-30,0-30,Primary 1-3,0-30,61-80,Senior High School,61-80,31-60,81-100,81-100,61-80,0-30,0-30,0,1,0,60,1,1,3.230000019,3,100,103,25,1.61500001,2575,166,0,0,0,0,1,1,1,1500,0,153,157,310,220,58,62,120,1,19,13,32,1,18,20,38,1,29,21,50,1,24,28,52,1,5,13,18,1,17,6,6,96.55000305,93.54000092,95.05000305,100,100,100,3.450000048,6.460000038,4.960000038,0,0,0,52,0,0,0,0,6,0.24965468
21,CI18,Haut-Sassandra,81,CI1803,Vavoua,MONOKO-ZOHI,VAV003,2075,1077,998,531,546,502,496,192,179,434,80,113,95,92,219,37,59,96,87,216,43,54,0,0,0,136,116,252,0,0,0,0,0,0,0,0,0,70-100,0,0,0,60,1,1,6,0,0,0,0,8,0,60,0,0,0,60,1,0,0,60,0,0,1,0,0,1,1,0,4,4,0,8,6,2,1,1,0,0,0-30,0-30,No school,0-30,61-80,Junior High School,61-80,31-60,81-100,81-100,61-80,0-30,0-30,0,0,1,120,0,1,3,0,300,300,23,1.5,6900,450,1,0,4,4,1,0,0,,0,136,116,252,0,32,28,60,1,28,28,56,1,21,26,47,1,20,16,36,1,15,19,34,1,4,15,19,1,15,6,6,81.25,85.70999908,83.48000336,100,78.94000244,89.47000122,11.75,10.28999996,11.02000046,0,11.06000042,5.53000021,42,0,0,0,0,6,0.270874977
7,CI03,Agnéby-Tiassa,82,CI2404,Yakassé-Attobrou,ABRADINE 2,YAK001,1516,850,667,425,425,335,332,154,122,258,69,63,74,64,122,38,37,81,59,136,30,26,0,0,0,119,144,263,41,51,92,32,40,72,1,5,6,70-100,0,0,0,7,1,1,6,0,0,0,0,7,0,7,0,0,0,32,0,7,0,7,1,1,1,0,1,0,1,0,2,2,0,14,13,1,0,1,1,0,0-30,0-30,Primary 1-3,0-30,61-80,Junior High School,61-80,0-30,61-80,81-100,61-80,31-60,0-30,0,0,1,60,0,1,5,50,250,300,38,2.5,11400,750,1,30,70,100,1,0,0,,1,119,144,263,3,34,28,62,1,19,29,48,1,21,31,52,1,20,23,43,1,14,19,33,1,11,14,25,1,24,6,6,97.09999847,98.90000153,98,100,99,99.5,0.730000019,0.360000014,0.550000012,0,0,0,44,1,0,0,0,6,0.236388788
8,CI06,Belier,15,CI0202,Yamoussoukro,FONDI,YMK011,1245,667,576,315,352,296,280,139,113,198,56,72,65,60,101,29,41,73,54,96,26,31,0,0,0,95,73,168,0,0,0,0,0,0,0,0,0,0-40,0,0,0,10,1,1,6,0,0,0,0,10,0,10,0,0,0,10,0,3,0,10,1,1,1,1,1,1,1,0,1,1,1,12,10,2,1,0,0,0,0-30,0-30,Senior High School,61-80,31-60,Senior High School,61-80,31-60,61-80,81-100,61-80,0-30,0-30,0,0,0,60,1,1,1,3,100,103,8,0.5,824,52,1,3,35,38,1,0,1,2000,1,95,73,168,0,19,10,29,1,18,15,33,1,16,10,26,1,17,13,30,1,7,11,18,1,18,14,32,1,16,6,6,97,97,97,97,97,97,3,3,3,3,3,3,28,1,0,0,0,6,0
8,CI06,Belier,15,CI0202,Yamoussoukro,SAHABO,YMK012,2860,1501,1359,726,775,710,649,345,269,485,142,118,171,140,256,70,73,174,129,229,72,45,0,0,0,201,211,412,0,0,0,0,0,0,0,0,0,0-40,0,0,0,3,1,2,12,0,0,0,0,7,0,7,0,0,0,7,1,0,0,7,1,1,1,1,1,1,1,0,3,3,1,22,11,11,0,0,0,1,31-60,31-60,Primary 1-3,0-30,61-80,Junior High School,61-80,0-30,61-80,61-80,61-80,31-60,0-30,1,1,0,30,7,1,2,20,140,160,15,1,2400,160,1,0,0,0,1,0,1,3000,1,201,211,412,8,33,32,65,2,35,29,64,2,23,36,59,2,30,31,61,2,31,44,75,2,49,39,88,2,88,12,12,98,98,98,98,98,98,0.100000001,0.100000001,0.100000001,0.100000001,0.100000001,0.100000001,34.5,0,0,0,1,12,0.098440073
8,CI06,Belier,15,CI0202,Yamoussoukro,SUIBONOU,YMK013,1313,714,600,357,357,297,303,138,95,255,61,50,64,53,128,29,23,74,42,127,32,28,0,0,0,113,127,240,0,0,0,0,0,0,0,0,0,41-69,0,0,0,42,1,1,6,0,0,0,0,42,0,42,0,0,0,42,0,11,0,42,1,0,1,1,0,0,0,0,0,0,1,6,4,2,0,0,0,0,0-30,0-30,No school,0-30,61-80,Junior High School,31-60,31-60,81-100,81-100,81-100,61-80,0-30,0,1,0,180,5,1,1,1,100,101,8,0.5,808,51,0,0,0,0,1,0,1,2000,1,113,127,240,0,34,22,56,1,28,27,55,1,22,24,46,1,10,26,36,1,9,8,17,1,10,20,30,1,16,6,6,98,99,98.5,100,100,100,2.940000057,0,1.470000029,0,0,0,40,1,0,0,0,6,0.213574097
15,CI132,Tonkpi,83,CI3205,Zouan-Hounien,BEAPLEU,YKA001,678,357,320,173,184,155,165,77,42,137,36,29,36,22,66,16,15,40,20,71,20,14,0,0,0,10,7,17,0,0,0,0,0,0,0,0,0,0-40,0,0,0,1,0,0,0,1,0,0,0,1,0,18,0,0,0,20,0,1,0,1,0,1,0,1,0,0,0,0,0,0,0,0,0,0,1,1,0,0,61-80,31-60,Primary 4-6,0-30,61-80,Primary 4-6,61-80,0-30,81-100,81-100,61-80,31-60,31-60,0,0,0,60,1,1,1,5,80,85,8,0.5,680,43,0,0,0,0,0,0,0,,1,,,0,,,,,,,,,,,,,,,,,,,,,,,,,,,0,0,,,,,,0,,,,,,,,0,,0,0,0,0.075223424
15,CI132,Tonkpi,83,CI3205,Zouan-Hounien,BOYAPLEU 1,YKA002,690,362,328,169,193,164,164,86,52,120,32,37,40,28,59,17,20,46,24,61,16,17,0,0,0,25,35,60,3,7,10,0,0,0,0,0,0,41-69,0,0,0,2.5,0,0,0,2.5,0,0,0,2.5,0,18,0,0,0,56,0,2.5,0,18,0,1,1,1,1,1,1,1,2,3,1,24,12,12,0,1,1,1,0-30,0-30,Primary 4-6,0-30,61-80,Primary 4-6,81-100,31-60,81-100,81-100,61-80,0-30,0-30,1,0,1,120,0,1,2,40,90,130,15,1,1950,130,1,8,22,30,1,0,0,,1,,,0,,,,,,,,,,,,,,,,,,,,,,,,,,,0,0,,,,,,0,,,,,,,,0,,0,0,0,0.133531392
15,CI132,Tonkpi,83,CI3205,Zouan-Hounien,KPANTOUOPLEU,YKA003,1579,790,789,387,403,383,406,169,141,361,59,58,83,72,177,24,27,86,69,185,35,31,0,0,0,103,143,246,5,10,15,1,4,5,0,0,0,70-100,0,0,0,15,1,1,6,0,0,0,0,15,0,15,0,0,0,126,1,0,0,15,0,1,1,0,1,0,0,0,0,0,1,21,15,6,0,1,1,1,0-30,0-30,Primary 1-3,0-30,61-80,Junior High School,61-80,31-60,81-100,81-100,81-100,0-30,0-30,1,1,1,30,0,1,3,80,250,330,23,1.5,7590,495,0,0,0,0,1,0,1,1750,1,103,143,246,21,32,45,77,1,30,30,60,1,20,31,51,1,7,25,32,1,5,5,10,1,9,7,16,1,10,7,6,96,77.29000092,86.65000153,98,95,96.5,0,4.570000172,2.289999962,0,0,0,35,1,0,0,1,6,0.44507426
21,CI18,Haut-Sassandra,84,CI1804,Zoukougbeu,NADIGBEU,ZOU001,2920,1484,1439,742,742,714,725,391,266,509,152,118,185,138,255,74,62,206,129,255,78,57,0,0,0,159,223,382,7,43,50,0,12,12,0,0,0,0-40,0,0,0,5,1,2,10,0,0,0,0,5,0,5,0,0,0,5,0,5,0,5,1,1,1,1,0,0,0,0,0,0,1,4,2,2,1,1,0,0,0-30,0-30,Primary 1-3,0-30,61-80,Junior High School,61-80,0-30,81-100,61-80,61-80,0-30,0-30,0,1,1,15,0,1,4,4,400,404,31,2,12524,808,1,4,120,124,1,0,0,,0,159,223,382,0,39,48,87,2,35,41,76,2,26,33,59,2,26,36,62,2,21,29,50,1,16,32,48,1,47,11,10,74.20500183,73.41500092,73.80999756,37.5,46.875,42.18999863,5.554999828,3.224999905,4.389999866,3.099999905,3.125,3.11500001,34,1,1,0,1,10,0.425832391
12,CI23,Marahoué,85,CI2303,Zuenoula,TUEIFLA,ZUE001,4190,2132,2057,1068,1064,1017,1040,509,446,687,186,230,241,236,335,90,115,268,209,352,96,115,0,0,0,200,315,515,0,0,0,0,0,0,0,0,0,0-40,0,0,0,25,1,2,12,0,0,0,0,25,0,25,0,0,0,25,1,0,0,25,1,1,1,0,0,1,0,0,0,0,0,0,0,0,0,1,0,0,0-30,81-100,Primary 1-3,0-30,61-80,Junior High School,31-60,61-80,31-60,81-100,31-60,0-30,0-30,0,1,0,120,1,1,2,0,30,30,15,1,450,30,0,0,0,0,0,0,0,,0,200,315,515,0,50,57,107,2,36,74,110,2,36,72,108,2,37,38,75,2,29,46,75,2,12,28,40,2,32,12,12,93.05500031,94.50500488,93.77999878,97.44499969,94.41999817,95.93499756,0,6.029999733,3.019999981,5.224999905,2.650000095,3.940000057,43,1,0,1,1,12,0
